Fundo,%PL,Norm.,Ativo,Garantia,Nota
VGIR11,0.0533947248939817,0.06645706528295603,22L1013767,AF SPE,2.0
VGIR11,0.05146674689772261,0.06405743198929457,22E1211649,AF Terreno e SPE + CF,3.0
VGIR11,0.04976735964524441,0.061942311257739004,23K1511855,AF SPE + Fiança,2.0
VGIR11,0.04641746016780593,0.057772901476051707,24A1828538,AF Imóvel + Aval ,3.0
VGIR11,0.04265336172506778,0.053087964219848745,22K1684666,AF SPE,2.0
VGIR11,0.04132569473215535,0.051435500381947184,22D0836679,clean,0.0
VGIR11,0.0324208836109641,0.04035224046838029,24G1972260,AF Imóvel + CF + Coobrigação + Aval,3.0
VGIR11,0.031160231441955667,0.03878318577877861,24E1753141,AF Imóvel e Terreno + CF + Aval,3.0
VGIR11,0.030968626516577082,0.038544707145173815,23J1928151,AF Imóvel e SPE + CF + Fiança,3.0
VGIR11,0.029630177147827185,0.03687882316031281,21L0002653,AF Terreno,3.0
VGIR11,0.025606892233596107,0.03187129275861345,23F1688312,AF Terreno e SPE + CF + Aval,3.0
VGIR11,0.022182556027881974,0.0276092362497394,20J0764341,AF Terreno,3.0
VGIR11,0.01888610522952603,0.023506350686729675,21F1076974,AF SPE,2.0
VGIR11,0.018858585535613644,0.023472098649687932,23D1611321,AF Terreno e SPE + CF + Aval + Fiança,3.0
VGIR11,0.01795808781075213,0.022351305608669374,22D0847835,AF SPE,2.0
VGIR11,0.017625285774879273,0.021937087787185738,23L1958573,AF SPE + CF + Aval,2.0
VGIR11,0.01687554592355115,0.021003933616172064,22K1377349,CF,1.0
VGIR11,0.016404163035527834,0.020417232899484505,21E0608916,AF Terreno e SPE + CF Recebíveis + Aval Sócios,3.0
VGIR11,0.01478577943427248,0.018402932332245978,22E1313665,AF SPE + CF + Aval,2.0
VGIR11,0.014226105498393631,0.017706341285701192,24I1148077,AF Terreno,3.0
VGIR11,0.01325206996623585,0.016494020348060693,23G1265217,AF Terreno e SPE + CF + Fiança,3.0
VGIR11,0.012982237568982641,0.016158176886458098,21F1076950,AF SPE,2.0
VGIR11,0.012818793374815386,0.01595474814881668,22B0512752,AF Terreno e SPE + Aval,3.0
VGIR11,0.012764708304064445,0.01588743185334245,20J0764140,AF Terreno,3.0
VGIR11,0.011461970456291794,0.01426599575889854,22L0179634,AF Terreno e SPE + CF + Fiança,3.0
VGIR11,0.011154094134227237,0.013882801410109473,22A0788605,AF SPE,2.0
VGIR11,0.010670720996330136,0.013281177181404518,20D0892140,AF Terreno,3.0
VGIR11,0.008765664378732989,0.010910072690188176,22A0883092,Cessão contratos + AF SPE + Fiança,2.0
VGIR11,0.008469778500903996,0.010541802095326427,22H1318883,AF Terreno e SPE + CF + Aval,3.0
VGIR11,0.008434802159349027,0.010498269236627503,22D0847833,AF SPE,2.0
VGIR11,0.007988720712909562,0.009943059637431978,24D3464295,AF Terreno e SPE + CF + Fiança,3.0
VGIR11,0.007155250061862999,0.008905690991409185,24G1559252,AF Terreno e SPE + CF,3.0
VGIR11,0.0071334196681027,0.00887852006944711,24I1465223,AF Imóvel,3.0
VGIR11,0.006988746483748363,0.008698454430445887,22D0634282,AF Terreno e SPE + CF,3.0
VGIR11,0.006852383491506144,0.008528731966370755,23F1689784,AF Terreno e SPE + CF + Fiança,3.0
VGIR11,0.006804229509811097,0.008468797725460326,22C0927973,AF Terreno e SPE + CF,3.0
VGIR11,0.006540374477704473,0.008140393915369288,24E1730283,AF Imóvel e Terreno + CF + Aval,3.0
VGIR11,0.006480118823515033,0.008065397481693755,22H1319855,AF Imóvel e SPE + Aval,3.0
VGIR11,0.006431603581414346,0.008005013602613834,24A2692084,CF,1.0
VGIR11,0.0059086353754542595,0.007354107876001182,22J1021044,AF Terreno e SPE + CF + Fiança,3.0
VGIR11,0.004254272364459102,0.005295025994004163,22J0123615,AF Terreno e SPE + Aval,3.0
VGIR11,0.004095549191170204,0.005097473214958622,19B0177968,CF + Aval,2.0
VGIR11,0.003301435522180511,0.004109089736123915,21L0729731,AF Imóvel,3.0
VGIR11,0.003301433841882361,0.0041090876447621915,21L0729728,AF Imóvel,3.0
VGIR11,0.002827046271450644,0.0035186471883275716,19E0281174,AF Imóvel,3.0
VGIR11,0.0024880905105714893,0.003096770211275874,23L1958694,AF SPE + CF + Aval,2.0
VGIR11,0.002172722276783468,0.0027042511498398376,24E1235616,AF terreno,3.0
VGIR11,0.0021119605217816665,0.0026286248042246205,18D0698877,CF + Aval,2.0
VGIR11,0.0019884513536333258,0.0024749006888372775,22J0070436,AF Terreno e SPE + Aval,2.0
VGIR11,0.0017779094937625368,0.002212852440550393,24H2371352,AF terreno,2.0
VGIR11,0.0017296835202918158,0.0021528285959919384,19L0909950,AF Imóvel e SPE + CF + Fiança,3.0
VGIR11,0.0017256770477659439,0.002147841990915596,24A2191067,AF Terreno e SPE + CF + Aval,3.0
MXRF11,0.03621981468971852,0.05673354649809251,24C1526928,"- Aval
- 60% da Cessão Fiduciária dos Recebíveis da 1a Fase do SMI
- 60% da AF do SMI",1.0
MXRF11,0.03334282322516432,0.05222712010063129,24G1557250,"- AF de Imóveis;
- AF de Quotas;
- Fundo de Despesas e Reserva.",3.0
MXRF11,0.025450462551088623,0.03986478155422527,23D1515316,"- AF de imóvel
- Fiança CSN",3.0
MXRF11,0.0238664150564805,0.03738358078165348,22C0983841,"- Fundo de Reserva;
- Fundo de Despesas;
- Alienação Fiduciária de Quotas.",2.0
MXRF11,0.022764843012679108,0.035658113953526784,24A2246360,"- AF de imóvel;
- Fundo de reserva;
- Fundo de juros;
- Fiança.",3.0
MXRF11,0.020280703158479175,0.03176703761497162,24E2453531,"-Cessão de créditos e estoque/vendas futuras do projeto Jardins Genebra;
- Aval dos sócios PF;
- Fundo de Reserva (2 PMTs);
- Fundo de Despesas.
- Alienação fiduciária de ações da SPE;",2.0
MXRF11,0.020230237708273906,0.03168799016565983,23H1074707,"- AF de quotas das SPEs;
- CF de recebíveis;
- Fiança;
- Fundos.",2.0
MXRF11,0.018634832490182038,0.02918899902229521,20B0817201,"- Fundo de 11 PMTs para o período de retrofit;
- Adicionalmente 2 PMTs durante toda a operação;
- Fiança Locatícia de seguradora ou banco de primeira linha;
- Coobrigação do FII cedente, que conta com cotistas de muito elevada robustez financeira;
- AF do imóvel, com LTV aproximado de 70%, imóvel em região nobre e de alta procura no Rio de Janeiro - RJ.",3.0
MXRF11,0.01735069729265053,0.027177571173668712,24E3191022,"- AF de Imóvel;
- Cessão fiduciária de direitos creditórios;
- Fundo de Despesas e Reserva.",3.0
MXRF11,0.016521602835771917,0.025878904426652312,22L1314899,"- Alienação Fiduciária de CEPAC; e/ou
- Alienação Fiduciária de cotas; e/ou
- Alienação Fiduciária de imóveis.",3.0
MXRF11,0.015910974615168574,0.024922436127644665,21K1073642,"- AF de imóvel;
- CF de recebíveis;
- Endosso de seguro patrimonial (GPA e devedora);
- Fundo de despesas;
- Fundo de juros;
- Fundo de reserva.",3.0
MXRF11,0.014308814508888882,0.022412864345853913,21F0568504,"- Cessão Fiduciária de Direitos Creditórios;
- Alienação Fiduciária de imóveis;
- Aval dos acionistas da AIZ na PF;
- Fundo de despesas.",3.0
MXRF11,0.013605412050841901,0.021311077481333898,21H0975635,"- Alienação Fiduciária do imóvel;
- Fundo de reserva;
- Seguro patrimonial.",3.0
MXRF11,0.01321906306525914,0.020705912923596047,21F0211653,"- Cessão Fiduciária;
- Alienação Fiduciária de imóveis;
- Aval dos acionistas da Rio Ave e dos acionistas na PF;
- Fundo de reserva;
- Fundo de despesas.",3.0
MXRF11,0.01254999063614742,0.01965789950627791,23F2427206,"- AF de imóveis no valor de R$ 153MM, perfazendo um LTV inicial de 73%;
- Cessão fiduciária;
- endosso dos seguros de locação (seguro patrimonial e seguro de perda de receita).",3.0
MXRF11,0.012289912540692092,0.019250521587642712,23H1539646,"- AF de imóvel;
- Fundo de reserva;
- Fundo de juros;
- Fiança.",3.0
MXRF11,0.012031825442696008,0.01884626230304524,23G2239867,"- AF de cotas da SPE (LTV de 49%);
- CF de 50% do NOI do empreendimento;
- Fundo de reserva de 2 PMTs;
- Endosso do seguro patrimonial de 50% do empreendimento (após término de obras);
- Aval da OPI Mall, César Federman e demais acionistas (até o término de obras).",2.0
MXRF11,0.011722688888582907,0.01836204080116069,24B1276266,"- AF dos imóveis;
- Fundo de Reserva;
- Fiança",3.0
MXRF11,0.011466269671124902,0.01796039403070419,21H0697914,"- Cessão Fiduciária de recebíveis;
- Alienação Fiduciária do imóvel;
- Aval dos sócios da RCP na PF.",3.0
MXRF11,0.010995380943124635,0.017222809154185916,24C1990828,"- Fundo de Reserva de Inadimplência;
- Fundo de Despesas.",1.0
MXRF11,0.010848320286143753,0.016992458096557972,20J0812309,"- AF de Imóveis;
- Caução dados em garantia aos Contratos de Locação (lastro);
- Fundo de Reserva;
- Coobrigação da cedente.",3.0
MXRF11,0.010827656873186951,0.016960091594690505,24C1998433,"- Alienação Fiduciária de Imóvel;
- Alienação Fiduciária de Quotas;
- Fundo de Despesas e Reserva.",3.0
MXRF11,0.010293888015578324,0.0161240133164941,20L0653519,"- Alienação Fiduciária dos imóveis;
- Seguro Patrimonial;
- Fundo de reserva.",3.0
MXRF11,0.009941584961361586,0.015572177204712472,22F0783773,"(i) AF de imóveis;
(ii) Fiança.",3.0
MXRF11,0.009780964791574948,0.01532058696469646,23F1241290,"(i) Fundo de reserva inicial equivalente a 150% da inadimplência esperada da carteira;
(ii) Obrigação de recomposição do fundo de reseva pela devedora de até 50% do volume de emissão do CRI.",1.0
MXRF11,0.009449753265111981,0.014801787939956422,22L1173045,"- Aval da FS Ltda e FS S.A
- Contrato de Offtaker para a venda de biomassa (bambu e eucalipto) entre as empresas do grupo",1.0
MXRF11,0.00926947993577379,0.014519413626338594,24C1690314,"- Fiança GAV Holding;
- Alienação Fiduciária de Quotas da SPE;
- Cessão Fiduciária dos Recebíveis do projeto Porto 2 Life;
- Fundos de Obra, Reserva e Despesas.",2.0
MXRF11,0.009221336954156131,0.014444004016721303,23K2260145,"- Alienação Fiduciária de participações;
- Fundo de reserva;
- Fundo de despesas.",2.0
MXRF11,0.009067437331560459,0.01420294062450442,24D0480929,"- Alienação Fiduciária;
- Seguro Patrimonial;
- Fiança;
- Fundo de Reserva.",3.0
MXRF11,0.009063981441275779,0.014197527429714833,20G0800227,"- AF das respectivas frações ideais dos objetos lastro da operação;
- Cessão fiduciária dos recebíveis dos 8 empreendimentos que são lastro da operação.",2.0
MXRF11,0.009005776387101072,0.014106356915019127,24B1276268,"- AF dos imóveis;
- Fundo de Reserva;
- Fiança",3.0
MXRF11,0.008924937408740875,0.013979733353387312,19I0737680,"- Cessão Fiduciária de dividendos do shopping, que devem perfazer ao menos 165% da PMT do CRI Sênior;
- AF de fração ideal do shopping, com LTV Sênior de 44,71%;
- Aval Corporativo da Holding;
- Três tranches de subordinação, com a holding possuindo 10% da emissão.",2.0
MXRF11,0.008916226780594736,0.013966089307132792,23D1175169,"- AF de imóveis
- Fiança do Grupo Mateus",3.0
MXRF11,0.008767407496639432,0.013732983593080431,22F1357736,- AF de cotas do FII Barzel,2.0
MXRF11,0.008433919703809677,0.013210619098310561,21G0154352,"- Aval da Cemara;
- Fiança dos acionistas na PF;
- AF das cotas da SPE;
- CF dos recebíveis.",2.0
MXRF11,0.0077294606830774605,0.012107177268166219,20A0982855,"- Cessão Fiduciária dos aluguéis do shoping e estacionamento, que devem perfazer ao menos 146% da PMT do CRI;
- AF do imóvel;
- Aval do principal acionista do grupo na pessoa física.",3.0
MXRF11,0.007723963507782471,0.01209856667054505,19L0838765,- ICSD mínimo: 125% do valor da próxima PMT.,1.0
MXRF11,0.007695591817850697,0.012054126172884783,22F0715946,"(i) AF de terreno localizado no Higienópolis, bairro nobre de SP;
(ii) AF de cotas de SPEs;
(iii) Promessa de CF das vendas das futuras unidades do empreendimento;
(iv) Aval da Helbor",3.0
MXRF11,0.007534739688796164,0.011802172599372353,19F0922610,"- Cessão Fiduciária do NOI na participação do cedente, com ICSD de 150%;
- LTV da fração do cedente, LTV de 56%;
- AF das ações da SPE;
- Fundo de Reserva de 1 PMT.",2.0
MXRF11,0.0068519980467217755,0.010732748168887717,21L0823062,"- Cash collateral de R$ 20 milhões;
- Fundo de juros de R$ 40 milhões;
- CF de recebíveis oriundos da comercialização de cadeiras cativas, camarotes, vagas de estacionamento e bilheteria dos jogos de futebol.",1.0
MXRF11,0.006054132432178211,0.009482997270664989,21D0429192,"- Cessão Fiduciária dos recebíveis;
- Fiança;
- Fundo de Reserva.",2.0
MXRF11,0.006023172416629006,0.009434502503455672,19L0909950,"- Cessão Fiduciária dos aluguéis do shoping e estacionamento, que devem perfazer ao menos 146% da PMT do CRI;
- AF do imóvel;
- Aval do principal acionista do grupo na pessoa física.",3.0
MXRF11,0.005915398826309565,0.009265689436629298,24B1276213,"- AF dos imóveis;
- Fundo de Reserva;
- Fiança",3.0
MXRF11,0.005713249235632371,0.008949048854657726,19L0917227,"- Cessão Fiduciária dos aluguéis do shoping e estacionamento, que devem perfazer ao menos 146% da PMT do CRI;
- AF do imóvel;
- Aval do principal acionista do grupo na pessoa física.",3.0
MXRF11,0.0054742047952405165,0.008574617373153445,20K0571487,- Alienação Fiduciária do imóvel.,3.0
MXRF11,0.00504255286286484,0.007898491744510225,24B0013802,"- AF de imóvel;
- AF de quotas;
- Fundo de despesas.",3.0
MXRF11,0.004920104057490902,0.007706691895371565,19I0737681,"- Cessão Fiduciária de dividendos do shopping, que devem perfazer ao menos 165% da PMT do CRI Sênior;
- AF de fração ideal do shopping, com LTV Sênior de 44,71%;
- Aval Corporativo da Holding;
- Três tranches de subordinação, com a holding possuindo 10% da emissão.",2.0
MXRF11,0.004172205162806421,0.006535207251373688,23F1763644,- Fiança,2.0
MXRF11,0.004157987292193941,0.006512936838606337,23L2159971,"- Cash sweep do fluxo excedente mensal;
- Fundo de reserva (R$ 3MM)e despesa;
- Servicer para espelhamento de recebíveis;
- Coobrigação da Direcional Engenharia (limitada a R$ 21MM);
- Cobrança dos créditos pela Direcional Engenharia.",1.0
MXRF11,0.0040317963639883,0.006315275449272271,22B0309134,"- Alienação fiduciária de quotas;
- Cessão Fiduciária de recebíveis no montante de 120% da próxima PMT;
- Fiança Bild Desenvolvimento Imobiliário S.A. e Vita.",2.0
MXRF11,0.00400112870363284,0.006267238617784613,22J0346032,"- AF do terreno;
- CF dos recebíveis do empreendimento (atuais e futuros);
- AF de cotas da SPE;
- Fundo de reserva;
- Fundo de despesas;
- Seguro de obras;
- Fiança e aval da Arquiplan e dos sócios na PF.",3.0
MXRF11,0.0029383100935406452,0.004602473915059068,20I0777292,"- Alienação Fiduciária de três empreendimentos avaliados em R$ 228 milhões por consultoras independentes, com área de BOMA de 26.424m² e LTV de 65%;
- Cessão Fiduciária dos contratos de locação atuais e Promessa de Cessão Fiduciária de contratos de locação futuros;
- Fundo de Reserva equivalente a duas PMTs;
- Garantidora: Helbor Empreendimentos S.A.;
- Mecanismo de cash sweep, com amortização extraordinária do principal em caso de excedente dos valores dos alugueis frente as PMTs do CRI.",3.0
MXRF11,0.0025986193858678224,0.0040703933750612575,21K0633996,"- Cessão Fiduciária de Direitos Creditórios;
- Aval dos acionistas da AIZ na PF.",2.0
MXRF11,0.002585432210036884,0.004049737409270371,20L0653261,"- Alienação Fiduciária dos imóveis (mín. 133% do saldo devedor do CRI);
- Covenant financeiro: (Dívida Líquida + Imóveis a Pagar)/Patrimônio Líquido <= 0,70x (ex-SFH).",3.0
MXRF11,0.002572488576157002,0.004029462919716259,22D0371507,"- AF de imóveis
- Fiança do Grupo Mateus",3.0
MXRF11,0.002026821811228602,0.003174748144234075,21F0906525,"- Alienação Fiduciária do imóvel;
- Fundo de reserva;
- Fiança.",3.0
MXRF11,0.0020000981284764487,0.003132889031728733,22J0346038,"- AF do terreno;
- CF dos recebíveis do empreendimento (atuais e futuros);
- AF de cotas da SPE;
- Fundo de reserva;
- Fundo de despesas;
- Seguro de obras;
- Fiança e aval da Arquiplan e dos sócios na PF.",3.0
MXRF11,0.001985276593681615,0.003109673058906694,20J0667658,"-Alienação Fiduciária dos imóveis;
- Cessão Fiduciária dos Direitos Creditórios;
- Fiança do fundador da HF Engenharia;
- Fundo de Reserva;
- Fundo de despesas com IPTU;
- Fundo de despesas.",3.0
MXRF11,0.0018409736747907787,0.002883641633046648,22I1555753,"- AF de cotas,
- CF de recebíveis, 
- AF de imóvel, 
- Fiança; e
- Fundo de obras.",3.0
MXRF11,0.0018316422039703405,0.002869025118903156,22B0939878,"- Cessão fiduciária de recebíveis;
- Alienação fiduciária de imóveis;
- Fiança;
- Fundo de reserva de 3 PMTs.",3.0
MXRF11,0.0018142413784501825,0.0028417690284949044,22B0939875,"- Cessão fiduciária de recebíveis;
- Alienação fiduciária de imóveis;
- Fiança;
- Fundo de reserva de 3 PMTs.",3.0
MXRF11,0.0016429729985762852,0.00257349977652695,19F0923004,"- AF do imóvel, LTV = 59%;
- Aval corporativo.",3.0
MXRF11,0.0016239572623121415,0.0025437141421503196,19L0906036,"- AF de estoque com no mínimo 130% do saldo devedor;
- Seleção de imóveis pré-estabelecidos, maioria em regiões nobres de São Paulo - SP;
- Fundo de Reserva de R$ 5 milhões.",3.0
MXRF11,0.0014507658709300459,0.0022724327471399072,22B0084502,"(i) AF dos imóveis
(ii) AF das quotas das SPE's
(iii) CF dos recebíveis dos empreendimentos
(iv) Fiança da Vitacon e do Alexandre Frankel",3.0
MXRF11,0.0014309558358080341,0.0022414029487173733,23C2829802,- Fiança bancária.,3.0
MXRF11,0.0013539113112462481,0.002120722896815002,22B0939864,"- Cessão fiduciária de recebíveis;
- Alienação fiduciária de imóveis;
- Fiança;
- Fundo de reserva de 3 PMTs.",3.0
MXRF11,0.0012440799415034556,0.0019486865908418323,23C2830001,- Fiança bancária.,3.0
MXRF11,0.0011791770286519307,0.0018470247669018862,24F2269311,"- Aval da Mitre;
- AF de Quotas;
- AF de Imóvel;
- Cessão fiduciária dos direitos creditórios.",3.0
MXRF11,0.0011790828349495662,0.001846877224932423,24F2269312,"- Aval da Mitre;
- AF de Quotas;
- AF de Imóvel;
- Cessão fiduciária dos direitos creditórios.",3.0
MXRF11,0.001061285219352755,0.001662362849056193,20J0837207,"- Critério de elegibilidade da carteira;
- AF das unidades, com LTV médio inferior a 40% e máximo de 60%;
- Duas tranches de subordinação;
- Fundo de reserva;
- Apólices de seguros;
- Cobertura Mínima de recebíveis com mecanismo de aceleração de amortizações.",2.0
MXRF11,0.001053447933536313,0.0016500867779858414,18L1179520,"- Cessão Fiduciária aluguéis de um condomínio logistico da companhia;
- AF do imóvel.",3.0
MXRF11,0.0009008032206737585,0.0014109890357951835,23C2830002,- Fiança bancária.,3.0
MXRF11,0.0008834488455958298,0.0013838057038575828,23C2829803,- Fiança bancária.,3.0
MXRF11,0.0006518594722240062,0.0010210515982606784,12E0031990,"- Cessão Fiduciária dos contratos de locação, que perfazem ao menos 120% da PMT do CRI;
- AF do imóvel;
- Fundo de Reserva de 2 PMTs;
- Endosso do seguro patrimonial.",3.0
MXRF11,0.0006155820429366073,0.0009642278061198496,20H0695880,"- Alienação Fiduciária de 11 lojas locadas pelo Pão de Açúcar e Extra no estado de SP, perfazendo um valor de avaliação de R$ 228.020.000;
- Alienação Fiduciária de Cotas da SPE;
- Promessa de Cessão Fiduciária de contratos de locação futura no mesmo Imóvel;
- Fundo de Reserva de 2 PMTs do CRI;
- Fundo de despesas do CRI.",3.0
MXRF11,0.0005236068474454469,0.0008201608340834045,21B0544455,"- Alienação Fiduciária de ativos cujo valor seja maior ou igual a 50% (cinquenta por cento) do Saldo Devedor do CRI, composta entre: (i) terrenos no estado de São Paulo, avaliado com base no valor de venda forçada e (ii) cotas da SPE Windsor, avaliadas com base no seu Net Asset Value (NAV).",2.0
MXRF11,0.00048721496132080565,0.0007631577604538838,20L0632150,"- Fundo de despesas;
- Servicer para espelhamento de carteiras;
- Cobrança feita pela Direcional Engenharia.",1.0
MXRF11,0.00047786334276125317,0.0007485096875433562,19B0177968,"- Cessão fiduciária dos recebíveis e promessa de cessão dos futuros recebíveis de três empreendimentos da companhia com mecanismo de cash sweep;
- Aval da holding controladora do grupo.",2.0
MXRF11,0.0004658423863179278,0.0007296804500894568,18D0698877,"- Cessão fiduciária dos recebíveis e promessa de cessão dos futuros recebíveis de dois empreendimentos da companhia com mecanismo de cash sweep;
- Aval da holding controladora do grupo.",2.0
MXRF11,0.0002968283998760254,0.000464942407093573,19A0698738,"- Alienação Fiduciária de Bens Imóveis;
- Fundo de Reserva;
- Fiança Corporativa.",3.0
MXRF11,4.2137899053682664e-05,6.600344247406231e-05,23L2159982,"- Cash sweep do fluxo excedente mensal;
- Fundo de reserva (R$ 3MM)e despesa;
- Servicer para espelhamento de recebíveis;
- Coobrigação da Direcional Engenharia (limitada a R$ 21MM);
- Cobrança dos créditos pela Direcional Engenharia.",1.0
MXRF11,3.472528278099535e-05,5.439256004460582e-05,20I0718383,"- Alienação Fiduciária dos imóveis (Imarés e Lorena);
- Cessão Fiduciária dos recebíveis;
- Promessa de Cessão Fiduciária dos recebíveis futuros;
- Fiança dos sócios na Pessoa Física;
- Alienação Fiduciária das cotas das SPEs;
- Fundo de Reserva;
- Fundo de Obras equivalente a 110% do valor remanescente das obras.",3.0
MXRF11,8.78219461606953e-06,1.375614565878803e-05,20I0718026,"- Alienação Fiduciária dos imóveis (Imarés e Lorena);
- Cessão Fiduciária dos recebíveis;
- Promessa de Cessão Fiduciária dos recebíveis futuros;
- Fiança dos sócios na Pessoa Física;
- Alienação Fiduciária das cotas das SPEs;
- Fundo de Reserva;
- Fundo de Obras equivalente a 110% do valor remanescente das obras.",3.0
MXRF11,3.5964886116955706e-07,5.633423462528392e-07,14K0234407,Papel em processo de excussão das garantias,0.0
MXRF11,3.5175306614948045e-11,5.50974628257913e-11,13L0034539,"- AF do imóvel;
- Endosso do seguro patrimonial;
- Fundo de Reserva de 5 PMTs;
- Aval corporativo da Cogna;
- Aval do cedente na pessoa física de seu controlador.",3.0
MXRF11,2.57952248509619e-11,4.0404806072246956e-11,11F0042226,- Cessão Recebíveis.,1.0
MXRF11,1.6415143086975758e-11,2.5712149318702613e-11,15H0698161,"- AF cotas de dois empreendimentos;
- AF de terreno em Porto Alegre - RS;
- Fundo de Reserva;
- Aval dos sócios na pessoa física",3.0
RBRY11,0.08605968824280627,0.1354762559458635,CRI Tael,"AF Imóvel, SPE + CF + Aval",3.0
RBRY11,0.04965900297821783,0.07817383417091098,CRI Yuny Jardim Paulista Série I,"AF Imóvel, SPE + CF + Aval + Fiança",3.0
RBRY11,0.04877328406825121,0.0767795241961388,CRI MOS Jardins e Pinheiros,"AF Terreno, SPE + CF + Aval + FR",3.0
RBRY11,0.038712996073240025,0.06094249086346042,CRI FGR,"AF Terreno, SPE + CF + Aval + FR",3.0
RBRY11,0.03548540801347376,0.05586158068355098,CRI JFL Parque da Cidade,"AF Imóvel, SPE + CF + Aval",3.0
RBRY11,0.030782743132300165,0.04845858580780841,CRI Patriani,"AF Terreno, SPE + CF + Aval + FR",3.0
RBRY11,0.025959539243018134,0.04086583689219662,CRI Lux Vila Nova Conceição,"AF Imóvel, SPE + CF + Aval",3.0
RBRY11,0.023733294589024304,0.03736125423914721,CRI Cond. Residencial AA SP,"AF Imóvel, SPE + CF + Fiança + FR",3.0
RBRY11,0.023029732722037195,0.03625369819854463,CRI Share Butantã,AF Imóvel + CF + FR,3.0
RBRY11,0.020901735431129304,0.0329037777942113,CRI Emergent Cold,AF Imóvel + FR,3.0
RBRY11,0.018340043213501366,0.028871129319460422,CRI Cabreúva,AF Imóvel,3.0
RBRY11,0.018030797603924814,0.0283843109471358,CRI Creditu,AF Imóvel + Seguro,3.0
RBRY11,0.017870955701865837,0.028132685791660922,CRI Moura Dubeux,AF Imóvel + CF + FR + Aval,3.0
RBRY11,0.017718253631637156,0.027892300250274844,CRI HM Maxi Campinas,"AF Imóvel, SPEs + CF + Aval",3.0
RBRY11,0.017069722746764132,0.0268713746817326,CRI Carteira MRV III (Série II),FR + Seguro,1.0
RBRY11,0.016353007648830912,0.025743112657660234,CRI Pulverizado,AF Imóvel,3.0
RBRY11,0.014727459269298691,0.023184153720967837,CRI Conx,AF Imóvel + SPE + CF + Fiança + Aval,3.0
RBRY11,0.014132577710366318,0.02224768360376249,CRI You,"AF Terreno, SPE + CF",3.0
RBRY11,0.012896023148727887,0.020301083683357174,CRI Verticale,"AF Imóvel, SPE + CF + Aval",3.0
RBRY11,0.009302620206603269,0.014644303062325966,CRI Yuny II CDI,AF SPE + CF + Fiança + Aval,3.0
RBRY11,0.008118121716788563,0.012779650472359844,CRI Carteira MRV III (Série I),FR + Seguro,1.0
RBRY11,0.00785943014740716,0.012372414913178259,CRI Epson,AF Terrenos e SPE + CF + FR + Aval,3.0
RBRY11,0.007568928609848204,0.01191510369745591,CRI Tarjab Altino CDI,AF Imóvel e SPE + Aval + FR,3.0
RBRY11,0.0075562138766759055,0.01189508800275953,CRI Pernambuco,AF Imóvel + CF + FR,3.0
RBRY11,0.007256494602256607,0.011423266108418291,CRI Exto,AF Matrículas + Cash Sweep,3.0
RBRY11,0.00628790691419733,0.009898503049048279,CRI Tarjab Lauto,AF Terreno e SPE + FR + Aval,3.0
RBRY11,0.0058914877773729914,0.009274455001247668,CRI Alphaville,AF Imóvel e SPE + CF + Aval + FR,3.0
RBRY11,0.005039901547589205,0.0079338771258008,CRI Brookfield JK CDI,AF Imóvel + CF + FR,3.0
RBRY11,0.004535465487440071,0.007139787463283347,CRI Landsol,AF Matrículas e SPEs + CF + FR,3.0
RBRY11,0.00412462672002454,0.00649303984958255,CRI Setin Perdizes,AF Matrícula + FR + Aval,3.0
RBRY11,0.004091925161218316,0.00644156063973274,CRI Yuny Jardim Paulista Série II,AF Imóvel e SPE + CF + Fiança + Aval,3.0
RBRY11,0.004002424889995039,0.006300668174293411,CRI Arqos,AF SPE + CF + Fiança + Aval,2.0
RBRY11,0.0036717413227775847,0.005780101896350988,CRI Carteira MRV V (Série III),AF Imóvel + FR,3.0
RBRY11,0.0036027552060877593,0.005671503073926562,CRI One Perdizes,AF Imóvel e SPE + CF + Fiança + Aval + FR,3.0
RBRY11,0.0034802224528329853,0.005478610455086723,CRI Carteira MRV IV (Série II),AF Imóvel + FR,3.0
RBRY11,0.00253570449752995,0.003991738275198321,CRI Lindenberg,AF SPE + CF + Fiança + Aval + FR,2.0
RBRY11,0.002368335742032934,0.0037282642512966617,CRI Tarjab Origem,AF SPE + CF + Aval + FR,2.0
RBRY11,0.0022248124889670657,0.0035023281206465508,CRI Pontte,AF Imóveis + sobrecolateral em volume,3.0
RBRY11,0.0016346870521704296,0.0025733451514070777,CRI Mauá 2,AF Imóveis + sobrecolateral em volume,3.0
RBRY11,0.0011583995255466932,0.0018235672684260378,CRI Wimo,AF Imóveis + sobrecolateral em volume,3.0
RBRY11,0.0009933805222149808,0.0015637922542727984,CRI Yuny,AF SPE + CF + Fiança + Aval,2.0
RBRY11,0.0008716326912860434,0.0013721352701428196,CRI Creditas V,AF Imóveis,3.0
RBRY11,0.0008246807811210041,0.0012982229759137297,CRI Tourmalet Mez 1,AF Imóvel + CF + Recompra SPE,3.0
KNCR11,0.0515640053933221,0.05773268051918963,19E0322333,"AF, CF e FR",3.0
KNCR11,0.04374181417324606,0.048974709465080146,22G0282370,"AF, AF de Cotas, CF e FR",3.0
KNCR11,0.039367632754801075,0.04407723851731772,22G0282332,"AF, AF de Cotas, CF e FR",3.0
KNCR11,0.03499345133775656,0.039179767571123306,22G0282297,"AF, AF de Cotas, CF e FR",3.0
KNCR11,0.03185830770640919,0.03566956225891553,19B0176400,"AF, CF e FR",3.0
KNCR11,0.03061926992071205,0.03428229662492889,22G0282284,"AF, AF de Cotas, CF e FR",3.0
KNCR11,0.028892751528601282,0.032349232387930256,23H1250138,"AF, AF de Cotas, CF e FR",3.0
KNCR11,0.028408625780552244,0.03180718998974898,17I0141643,AF e CF,3.0
KNCR11,0.028408625780552244,0.03180718998974898,17I0141606,AF e CF,3.0
KNCR11,0.026212827474119613,0.029348705216448754,19L0882476,"AF, CF e FR",3.0
KNCR11,0.026151285891633787,0.029279801327132978,22G0282145,"AF, AF de Cotas, CF e FR",3.0
KNCR11,0.023831925513467623,0.026682972576143917,20A0797060,"AF, AF de Cotas, CF e FR",3.0
KNCR11,0.02321883258450013,0.025996534470208135,20J0812325,"AF,CF e FR",3.0
KNCR11,0.021312374096779618,0.023862003648657176,23J2266232,AF e AF de Cotas,3.0
KNCR11,0.020517684500125685,0.02297224420802445,22F1035289,AF e CF,3.0
KNCR11,0.019533486281205565,0.021870304959762922,22F1195743,"AF, AF de Cotas, CF e FR",3.0
KNCR11,0.019527869057791462,0.021864015739941893,22F1195716,"AF, AF de Cotas, CF e FR",3.0
KNCR11,0.017838448144735234,0.01997248700605218,19F0923004,AF e CF,3.0
KNCR11,0.01708421417378916,0.019128022955030483,22F0658610,"AF, CF e FR",3.0
KNCR11,0.016323828876192027,0.01827667168542276,22F1195714,"AF, AF de Cotas, CF e FR",3.0
KNCR11,0.016015509290243098,0.017931467389953045,22A0118041,"AF, CF e FR",3.0
KNCR11,0.01562505040728317,0.017494297356829037,23I1740395,"AF, AF de Cotas, CF e FR",3.0
KNCR11,0.015450620774940157,0.017299000460082474,24C1475910,"AF, CF e FR",3.0
KNCR11,0.014717647167516619,0.0164783401800364,19A1316808,"AF, CF e FR",3.0
KNCR11,0.014551874820725993,0.01629273625219609,24E1127893,"AF, CF e FR",3.0
KNCR11,0.014319752098299719,0.016032844359142796,24F1645739,AF e CF,3.0
KNCR11,0.01429940683695961,0.016010065165322062,24C1475908,"AF, CF e FR",3.0
KNCR11,0.014039149320146188,0.01571867267251054,24D3680471,CF e FR,1.0
KNCR11,0.013608681230283805,0.01523670707429599,17F0035000,AF de Cotas,2.0
KNCR11,0.013157157680140587,0.014731167121213046,16C0208472,AF e CF,3.0
KNCR11,0.012946542203377383,0.014495355416136666,24D0007013,FR,0.0
KNCR11,0.012943918064947837,0.014492417348303583,23F2335074,"AF de Cotas, CF e FR",2.0
KNCR11,0.012355678655165646,0.013833806023316209,24C1886299,"AF, AF de Cotas, CF e FR",3.0
KNCR11,0.01191596178971364,0.01334148520536579,15L0736524,AF e CF,3.0
KNCR11,0.011625721685724856,0.013016523265934861,24E1127608,"AF, CF e FR",3.0
KNCR11,0.010292983880361418,0.011524348145984659,23E2052240,"AF,CF e FR",3.0
KNCR11,0.009817585334613596,0.010992076997698323,19H0000001,"AF, CF e FR",3.0
KNCR11,0.00954615446479961,0.010688174467813668,21L0729901,"AF de Cotas, CF e FR",2.0
KNCR11,0.008987707950787596,0.010062920204988574,16E0707976,AF e CF,3.0
KNCR11,0.008448721373992527,0.009459453899280072,21L0848239,"AF de Cotas, CF e FR",2.0
KNCR11,0.007890410999054983,0.008834352062040087,16L0194496,AF e CF,3.0
KNCR11,0.0076711799173394745,0.008588894054966862,22I1289815,"AF, AF de Cotas, CF e Aval",3.0
KNCR11,0.007054448564121176,0.007898382254924837,24A2983450,CF,1.0
KNCR11,0.007030290454980131,0.007871334076910949,21K1026250,"AF, CF e FR",3.0
KNCR11,0.005240869212879638,0.005867841832729733,17J0104526,AF e CF,3.0
KNCR11,0.005012593884892393,0.005612257603371018,23C1842756,FR,0.0
KNCR11,0.0048890410352122,0.005473923950982838,18C0803997,AF e CF,3.0
KNCR11,0.004618365793980303,0.0051708674465996566,23C1843793,FR,0.0
KNCR11,0.003882593694600272,0.004347073887033743,20A0934859,"AF, CF e Aval",3.0
KNCR11,0.003800221735756953,0.004254847653882021,19B0166684,AF e CF,3.0
KNCR11,0.003660286662464176,0.00409817194922686,20B0820360,"AF, CF e FR",3.0
KNCR11,0.0033902331206715876,0.0037958115190689992,23I1554258,FR,0.0
KNCR11,0.0029584343550339625,0.003312356054448209,22I1289809,"AF, AF de Cotas, CF e Aval",3.0
KNCR11,0.0027987421815361437,0.00313355967965847,15L0676664,AF e Aval,3.0
KNCR11,0.0027254680521054753,0.003051519662160326,24C1693601,"AF, AF de cotas, CF e Aval",3.0
KNCR11,0.0023883459096791463,0.0026740671195158287,22I1289814,"AF, AF de Cotas, CF e Aval",3.0
KNCR11,0.002067194149508288,0.002314495518615315,20B0817042,"AF, AF de Cotas, CF e FR",3.0
KNCR11,0.002009198249767363,0.00224956148710194,22I1289810,"AF, AF de Cotas, CF e Aval",3.0
KNCR11,0.001405293569749652,0.0015734108333743844,21C0749579,"AF, CF e FR",3.0
KNCR11,0.000997471341736314,0.0011168002535925556,22I1289811,"AF, AF de Cotas, CF e Aval",3.0
KNCR11,0.0009670335898598568,0.0010827211902730595,22I1289813,"AF, AF de Cotas, CF e Aval",3.0
KNCR11,0.000737680430011802,0.0008259301864987639,21L0668560,"AF, CF e Aval",3.0
KNCR11,0.0006584492518538099,0.0007372204700819948,20J0894745,"AF, CF e FR",3.0
KNCR11,0.0005490250640513976,0.0006147057114382333,22I1289808,"AF, AF de Cotas, CF e Aval",3.0
KNCR11,0.0005282044503262249,0.0005913942981521637,22I1289816,"AF, AF de Cotas, CF e Aval",3.0
KNCR11,0.00010550254357991995,0.00011812396255877786,20I0719702,"AF, CF, FR e Aval",3.0
KNCR11,0.0026968351534002975,0.0030194613691577727,14K0209085,AF e CF,3.0
KNCR11,0.0013445708677880897,0.0015054237884218437,19L0882449,AF e CF,3.0
RBRR11,0.0918856205796496,0.10587598758786956,CRI Leroy II,AF Imóvel + CF,3.0
RBRR11,0.06770891753236775,0.07801817593462228,CRI JK Financial Center,AF Imóvel + CF + FR,3.0
RBRR11,0.06749824884413765,0.07777543114735855,CRI Brookfield JK IPCA,AF Imóvel + CF + FR,3.0
RBRR11,0.06368469842176146,0.07338123524773767,CRI Tellus Brigadeiro,CF alugueis e recebíveis venda de um edificio,1.0
RBRR11,0.06076900453534339,0.07002160217587053,CRI GT - Banco do Brasil,AF Imóvel (25 mil m2) + CF,3.0
RBRR11,0.05599444042965537,0.06452007008845194,CRI JFL Jardim Faria Lima,CF + Fiança + FR,1.0
RBRR11,0.04112963492269613,0.04739197155222161,CRI Cabreúva,AF Imóvel,3.0
RBRR11,0.03813799978130296,0.04394483452360444,CRI CD Guarulhos,AF Imóvel,3.0
RBRR11,0.03531550789756869,0.04069259425179746,CRI Faria Lima Business Center,AF Imóvel + CF,3.0
RBRR11,0.03299072664876342,0.03801384529096679,CRI Leo Madeiras,AF Imóvel,3.0
RBRR11,0.03062895325631958,0.03529247181809582,CRI Pátio Malzoni,AF Imóvel + CF + FR,3.0
RBRR11,0.028563765040755803,0.032912841137056795,CRI Share Pinheiros,AF Imóvel + CF + FR,3.0
RBRR11,0.021063386230842137,0.024270465879936153,CRI BTLG,AF Imóvel + CF,3.0
RBRR11,0.01957611184713805,0.02255674132547975,CRI GE Barueri,AF Imóvel + CF,3.0
RBRR11,0.01907629723666476,0.021980825690793095,CRI Union Faria Lima I,AF Imóvel,3.0
RBRR11,0.016843086791492535,0.019407589967046765,CRI HLOG,AF Imóvel + Coobrigação,3.0
RBRR11,0.01629509962298202,0.018776167092765382,CRI Brookfield JK CDI,AF Imóvel + CF + FR,3.0
RBRR11,0.015840129859130175,0.018251924313900127,CRI HDEL,AF Imóvel,3.0
RBRR11,0.01540462569064739,0.017750110932808802,CRI Barueri Logístico,AF Imóvel + CF + FR,3.0
RBRR11,0.014610817590812461,0.01683543880026963,CRI Patrifarm,AF Imóvel + CF,3.0
RBRR11,0.012003369005411308,0.01383098399741354,CRI Creditas II Sênior I,AF Imóvel + Sobrecolaterização de taxa e seguros,3.0
RBRR11,0.01097845273811735,0.012650015513878544,CRI Yuca Pinheiros,AF Terreno e SPE + CF + Aval + FR,3.0
RBRR11,0.010511209819680884,0.01211163088828833,CRI Airport Town,AF Imóvel + CF,3.0
RBRR11,0.009268366069234443,0.010679553609321005,CRI BTLG II,AF Imóvel + CF,3.0
RBRR11,0.008593533080079008,0.009901971559670791,CRI Viverde Sênior,AF SPEs + Seguro,3.0
RBRR11,0.006973894724932031,0.00803572949366947,CRI Bem Brasil,Fiança sócios,1.0
RBRR11,0.0069497580219508946,0.008007917772432547,CRI BTG Malls,AF Imóveis,3.0
RBRR11,0.006874492763322034,0.007921192738220263,CRI JFL,AF + CF + FR,3.0
RBRR11,0.0054514636364658905,0.006281495327224419,CRI Log IV,Lastro em debenture,0.0
RBRR11,0.005136221290913518,0.0059182546541536865,CRI MRV III,Lastro em debenture,0.0
RBRR11,0.005012161607035848,0.0057753058285645795,CRI JSL I,AF Imóvel + CF,3.0
RBRR11,0.004554958450981537,0.005248489604544192,CRI JSL II,AF Imóvel + CF,3.0
RBRR11,0.0041627599727424415,0.004796575573251026,CRI HBR,AF Imóvel + CF + Garantia corporativa,3.0
RBRR11,0.0036049074500735397,0.004153785260758589,CRI Rede D'or 2,Lastro em debenture,0.0
RBRR11,0.0033795741541154177,0.0038941430545516294,CRI MRV,AF Imóvel + Ativo garantia,3.0
RBRR11,0.0032329781755253396,0.003725226591761017,CRI Tecnisa,Lastro em debenture,0.0
RBRR11,0.002868893754051741,0.00330570722142101,CRI Le Biscuit,AF Imóvel + CF + FR,3.0
RBRR11,0.002305690069593829,0.002656750987257916,CRI Lindenberg,AF SPEs + CF + Fiança + FR,2.0
RBRR11,0.0016528143700485648,0.0019044694112570538,CRI Creditas,AF Imóvel,3.0
RBRR11,0.0013282402777971478,0.0015304761537073956,CRI BRF,AF Imóvel,3.0
CPTR11,0.071,0.07230142566191441,CRA021004NU,Cessão Fiduciária + Reserva,1.0
CPTR11,0.07,0.07128309572301422,CRA022009KI,Clean,0.0
CPTR11,0.047,0.04786150712830955,CRA0220060P,AF Terras,3.0
CPTR11,0.043,0.04378818737270873,CRA02200795,Subordinação,1.0
CPTR11,0.042,0.04276985743380853,CRA0220073O,AF Imóveis e equipamentos + Recebíveis + Fiança,3.0
CPTR11,0.037000000000000005,0.03767820773930752,CRA02300VST,"AF Imóvel, Estoque + Recebíveis + Reserva + Aval",3.0
CPTR11,0.036000000000000004,0.03665987780040732,23J1042731,?,0.0
CPTR11,0.035,0.03564154786150711,CRA02300GO1,Recebíveis + Aval,1.0
CPTR11,0.031,0.031568228105906294,CRA02200CT5,Recebíveis + Aval + Reserva,1.0
CPTR11,0.028999999999999998,0.02953156822810589,CRA02300Q8I,Recebíveis + Aval,1.0
CPTR11,0.027999999999999997,0.028513238289205683,CRA02300NM1,Subordinação + Recompra de créditos pelos acionistas,1.0
CPTR11,0.026000000000000002,0.026476578411405282,CRA02300R5T,AF Veículos + Recebíveis,2.0
CPTR11,0.025,0.02545824847250508,CRA022008YH,Cessão Fiduciária + Fiança + Reserva,1.0
CPTR11,0.025,0.02545824847250508,CRA023005V5,AF Imóvel + Recebíveis + Aval,3.0
CPTR11,0.025,0.02545824847250508,5483424UN1,?,0.0
CPTR11,0.025,0.02545824847250508,CRA021004NV,Clean,0.0
CPTR11,0.023,0.02342158859470467,CRA02300CI2,AF Grãos + Recebíveis + Cash collateral + Aval,2.0
CPTR11,0.022000000000000002,0.022403258655804472,CRA02200DKY,Recebíveis + Aval,1.0
CPTR11,0.022000000000000002,0.022403258655804472,CRA021005QS,AF Terras + Penhor Cana + Reserva,3.0
CPTR11,0.021,0.021384928716904266,BBGO11,?,0.0
CPTR11,0.02,0.020366598778004064,CRA023001JL,AF Industria + Recebíveis + Aval,2.0
CPTR11,0.017,0.017311608961303453,CRA021002ST,AF de terras e Ativo biológico,3.0
CPTR11,0.019,0.019348268839103858,CRA023003JX,AF Imóvel + Recebíveis + Aval,3.0
CPTR11,0.019,0.019348268839103858,CRA022006N6,Recebíveis + Fiança + Reserva,2.0
CPTR11,0.019,0.019348268839103858,CRA021005L0,Subordinação + Recebíveis,1.0
CPTR11,0.017,0.017311608961303453,CRA021004I5,"AF Terreno Industrial, Equipamenos, Soqueira e Cana + Contratos de venda de açucar e etanol",3.0
CPTR11,0.016,0.01629327902240325,CRA021004I6,"AF Terreno Industrial, Equipamenos, Soqueira e Cana + Contratos de venda de açucar e etanol",3.0
CPTR11,0.016,0.01629327902240325,CRA023006SH,Recebíveis + Aval,1.0
CPTR11,0.016,0.01629327902240325,CRA021005QP,AF Terras + Penhor Cana + Reserva,3.0
CPTR11,0.016,0.01629327902240325,CRA0220099D,Recebíveis,1.0
CPTR11,0.015,0.015274949083503046,CRA021005LP,Subordinação + Recebíveis,1.0
CPTR11,0.013000000000000001,0.013238289205702641,22L1258273,AF de Lojas,3.0
CPTR11,0.012,0.012219959266802437,4571424MZJ,20% Subordinação,1.0
CPTR11,0.012,0.012219959266802437,CRA022007KH,Clean,0.0
CPTR11,0.012,0.012219959266802437,CRA023000M9,Recebíeis + Aval,1.0
CPTR11,0.012,0.012219959266802437,4571422SN6,50% Subordinação,1.0
CPTR11,0.009000000000000001,0.00916496945010183,CRA022002MH,Aval + Reserva,2.0
CPTR11,0.008,0.008146639511201625,CRA021004I1,Cessão Fiduciária + Aval + Reserva,2.0
CPTR11,0.006999999999999999,0.007128309572301421,CRA021004I4,"AF Terreno Industrial, Equipamenos, Soqueira e Cana + Contratos de venda de açucar e etanol",3.0
CPTR11,0.005,0.005091649694501016,CRA0190020F,Recebíeis contra a união,1.0
CPTR11,0.005,0.005091649694501016,22J1107076,AF Imóveis + Aval,3.0
CPTR11,0.003,0.003054989816700609,CRA02200B42,AF Imóveis e equipamentos + Recebíveis + Fiança,3.0
CPTR11,0.003,0.003054989816700609,22L1212138,AF de Lojas,3.0
CPTR11,0.002,0.0020366598778004063,CRA021005LQ,AF Imóveis,3.0
CPTR11,0.002,0.0020366598778004063,CRA021002N3,Clean,0.0
CPTR11,0.001,0.0010183299389002031,CRA0230099D,AF Terras + Recebíveis + Aval,3.0
CPTR11,0.001,0.0010183299389002031,4571422SN7,50% Subordinação,1.0
CPTR11,0.001,0.0010183299389002031,CRA023003JY,AF Imóvel + Recebíveis + Aval,3.0
CPTR11,0.001,0.0010183299389002031,CRA021005KY,Subordinação + Recebíveis,1.0
CPTR11,0.0,0.0,CRA021005KX,Subordinação + Recebíveis,1.0
CPTR11,0.0,0.0,CRA021002YF,?,0.0
CPTR11,0.0,0.0,CRA021005LP,AF Imóveis,3.0
KNCA11,0.038949928788988626,0.039808359503749405,CRA02300QP6,"AF máquinas e equipamentos, AF de ações e CF recebíveis",2.0
KNCA11,0.03858369349487066,0.03943405262554707,CRA022006BT,"AF terras e benfeitorias, AF ativo biológico e Aval",3.0
KNCA11,0.03439403918555172,0.03515206110136868,CRA021005QP,"AF terras, AF soqueiras, Penhor de cana e FR",3.0
KNCA11,0.03419610110264861,0.03494976059380222,CRA021005QS,"AF terras, AF soqueiras, Penhor de cana e FR",3.0
KNCA11,0.03332449441240062,0.0340589442675584,CRA023008HL,"AF terreno, AF máquinas e equipamentos, Caixa e Aval",3.0
KNCA11,0.0290406687210768,0.02968070588629012,CRA022007VM,CF recebíveis e Aval,1.0
KNCA11,0.0290406687210768,0.02968070588629012,CRA022007VK,CF recebíveis e Aval,1.0
KNCA11,0.0290406687210768,0.02968070588629012,CRA022007VL,CF recebíveis e Aval,1.0
KNCA11,0.02896307582375605,0.029601402892741255,CRA02300RMJ,AF imóvel e CF recebíveis,3.0
KNCA11,0.026569074797365876,0.027154639664310722,CRA02300VSO,AF imóvel e Aval,3.0
KNCA11,0.02530476518224922,0.025862465500006742,CRA023009EX,AF máquinas e equipamentos e Aval,2.0
KNCA11,0.022882056091291132,0.023386361500219024,CRA0230073L,Clean,0.0
KNCA11,0.022070586063751826,0.022557007209026213,CRA021004I4,"AF terreno, AF maquinas e equipamentos, AF soqueiras, AF cana e CF recebíveis",3.0
KNCA11,0.02181949475634131,0.022300382014977336,CRA0230012X,Aval,1.0
KNCA11,0.021551227451233897,0.022026202275582354,CRA021004I5,"AF terreno, AF maquinas e equipamentos, AF soqueiras, AF cana e CF recebíveis",3.0
KNCA11,0.021526992250619964,0.022001432947147594,CRA02300V0Q,"CF recebíveis, AF imóvel e Aval",3.0
KNCA11,0.0214858208903121,0.021959354197240943,CRA021004I3,"AF terreno, AF maquinas e equipamentos, AF soqueiras, AF cana e CF recebíveis",3.0
KNCA11,0.02082045772076316,0.021279326862725087,CRA021004I6,"AF terreno, AF maquinas e equipamentos, AF soqueiras, AF cana e CF recebíveis",3.0
KNCA11,0.01475044229222095,0.015075532301718694,CRA02300M81,"AF terreno, AF máquinas e equipamentos, AF de ações, CF recebíveis e Aval",3.0
KNCA11,0.009945528704792686,0.010164721591151508,CRA02200B42,"AF imóvel, FR e Aval",3.0
KNCA11,0.005707764929533936,0.005833560300167104,CRA023001P5,CF recebíveis e Aval,1.0
KNCA11,0.00444982398261569,0.0045478951653038675,CRA02300M82,"AF terreno, AF máquinas e equipamentos, AF de ações, CF recebíveis e Aval",3.0
KNCA11,0.04469366321406313,0.045678682043390796,CRA022007KI,Clean,0.0
KNCA11,0.03768256952947788,0.03851306848290234,CRA0220073P,Clean,0.0
KNCA11,0.03237836515512941,0.03309196294611589,CRA022004H5,Clean,0.0
KNCA11,0.030336118702386575,0.031004706729898437,CRA022007EP,Clean,0.0
KNCA11,0.022937590157779755,0.023443119500868033,CRA0220079D,Clean,0.0
KNCA11,0.022080453870994506,0.02256709249622554,CRA022006BU,Clean,0.0
KNCA11,0.02194458611145853,0.022428230300972792,22E1056953,AF terras e aval,3.0
KNCA11,0.021854304267361655,0.02233595870463843,CRA022008NB,Clean,0.0
KNCA11,0.02109716423020266,0.02156213180094385,CRA021002YB,Clean,0.0
KNCA11,0.015699080735743026,0.016045078110220407,CRA022007KH,Aval,1.0
KNCA11,0.01024717518841926,0.010473016164122417,CRA022000B5,"AF terras, CF recebíveis de arrendamento e Aval",3.0
KNCA11,0.006060100546167679,0.006193661161170385,CRA02300MOQ,Clean,0.0
KNCA11,0.00521422945042558,0.005329147624944065,CRA021002N3,Clean,0.0
KNCA11,0.0044602188739423666,0.004558519153172409,CRA0230073N,Clean,0.0
KNCA11,0.08679725362058593,0.08871020778459601,5ROTT121,Clean,0.0
KNCA11,0.06053567060958081,0.06186983682260342,5104524SN1,"Subordinação de 51,25% e Aval",1.0
RURA11,0.022,0.03754266211604094,,AF Terras e Recebíveis,3.0
RURA11,0.022,0.03754266211604094,,Recebíveis,1.0
RURA11,0.021,0.03583617747440272,,AF Terras,3.0
RURA11,0.021,0.03583617747440272,,Recebíveis,1.0
RURA11,0.021,0.03583617747440272,,AF Terras,3.0
RURA11,0.02,0.03412969283276449,,AF Terras e Recebíveis,3.0
RURA11,0.02,0.03412969283276449,,Recebíveis,1.0
RURA11,0.019,0.03242320819112627,,AF Terras,3.0
RURA11,0.019,0.03242320819112627,,CDA/WA Estoques,2.0
RURA11,0.019,0.03242320819112627,,AF Terras,3.0
RURA11,0.019,0.03242320819112627,,AF Terras,3.0
RURA11,0.018,0.030716723549488043,,AF Terras e Recebíveis,3.0
RURA11,0.018,0.030716723549488043,,AF Terras,3.0
RURA11,0.018,0.030716723549488043,,Penhor Cana,1.0
RURA11,0.016,0.027303754266211597,,Recebíveis,1.0
RURA11,0.016,0.027303754266211597,,Subordinação,1.0
RURA11,0.015,0.02559726962457337,,"AF Imóvel, Cana e Recebíveis",3.0
RURA11,0.015,0.02559726962457337,,AF Terras,3.0
RURA11,0.014,0.023890784982935145,,AF Terras,3.0
RURA11,0.013,0.022184300341296922,,Recebíveis,1.0
RURA11,0.013,0.022184300341296922,,Guarantee Letter Matriz,2.0
RURA11,0.012,0.020477815699658695,,AF Terras,3.0
RURA11,0.012,0.020477815699658695,,AF Terras,3.0
RURA11,0.012,0.020477815699658695,,Recebíveis,1.0
RURA11,0.011,0.01877133105802047,,Subordinação,1.0
RURA11,0.01,0.017064846416382246,,Subordinação,1.0
RURA11,0.01,0.017064846416382246,,Subordinação,1.0
RURA11,0.01,0.017064846416382246,,AF Terras e Recebíveis,3.0
RURA11,0.01,0.017064846416382246,,AF Terras e Recebíveis,3.0
RURA11,0.01,0.017064846416382246,,AF Terras,3.0
RURA11,0.009,0.015358361774744022,,Subordinação,1.0
RURA11,0.009,0.015358361774744022,,Subordinação,1.0
RURA11,0.009,0.015358361774744022,,Subordinação,1.0
RURA11,0.008,0.013651877133105799,,Recebíveis,1.0
RURA11,0.008,0.013651877133105799,,Recebíveis,1.0
RURA11,0.007,0.011945392491467572,,Recebíveis,1.0
RURA11,0.007,0.011945392491467572,,Subordinação,1.0
RURA11,0.007,0.011945392491467572,,Subordinação,1.0
RURA11,0.007,0.011945392491467572,,Recebíveis,1.0
RURA11,0.006,0.010238907849829348,,Subordinação,1.0
RURA11,0.006,0.010238907849829348,,Subordinação,1.0
RURA11,0.006,0.010238907849829348,,Subordinação,1.0
RURA11,0.006,0.010238907849829348,,AF Terras,3.0
RURA11,0.005,0.008532423208191123,,Recebíveis,1.0
RURA11,0.005,0.008532423208191123,,Recebíveis,1.0
RURA11,0.005,0.008532423208191123,,Recebíveis,1.0
KNSC11,0.037,0.04257767548906788,22D1163306,"AF, AF de Cotas, CF e Aval ",3.0
KNSC11,0.031,0.035673187571921734,21D0001404,AF e CF,3.0
KNSC11,0.028,0.032220943613348665,24E3191694,"AF, AF de Cotas, CF e FR",3.0
KNSC11,0.027,0.03107019562715764,24E1318751,AF e Subordinação,3.0
KNSC11,0.027,0.03107019562715764,24J2539918,Aval,1.0
KNSC11,0.021,0.0241657077100115,21E0407330,"AF, CF e FR",3.0
KNSC11,0.021,0.0241657077100115,23L2415875,AF de Cotas e CF,2.0
KNSC11,0.021,0.0241657077100115,24B1669810,"AF, CF, AF de Cotas e FR",3.0
KNSC11,0.021,0.0241657077100115,20I0815543,"AF, CF, FR e Aval",3.0
KNSC11,0.02,0.023014959723820474,21E0407810,CF e FR,1.0
KNSC11,0.016,0.01841196777905638,19E0311712,"AF, CF e FR",3.0
KNSC11,0.016,0.01841196777905638,21F0968392,"AF, CF e FR",3.0
KNSC11,0.015,0.017261219792865354,22D1068881,"AF, CF, AF de Cotas e FR",3.0
KNSC11,0.015,0.017261219792865354,20J0894746,"AF, CF e FR",3.0
KNSC11,0.014,0.016110471806674333,21E0076526,AF e Subordinação,3.0
KNSC11,0.014,0.016110471806674333,20K0571487,"AF, CF e FR",3.0
KNSC11,0.013,0.014959723820483307,20F0689770,"AF, AF de Cotas, CF, FR e Aval",3.0
KNSC11,0.012,0.013808975834292286,21A0772858,AF e CF,3.0
KNSC11,0.011,0.01265822784810126,24J3438785,"AF, AF de Cotas, CF e Fiança",3.0
KNSC11,0.011,0.01265822784810126,24H2231336,"AF, CF e FR",3.0
KNSC11,0.011,0.01265822784810126,23L1773235,"AF, AF de Cotas e CF",3.0
KNSC11,0.01,0.011507479861910237,21D0543881,"AF, CF e Aval",3.0
KNSC11,0.008,0.00920598388952819,21H0012919,"AF, CF e FR",3.0
KNSC11,0.008,0.00920598388952819,24I2114588,"AF, CF e FR",3.0
KNSC11,0.008,0.00920598388952819,20I0815541,"AF, CF, FR e Aval",3.0
KNSC11,0.008,0.00920598388952819,21H0001405,CF,1.0
KNSC11,0.007,0.008055235903337166,21F1035597,"AF, CF e Fiança",3.0
KNSC11,0.007,0.008055235903337166,21G0186913,"AF, AF de Cotas e CF",3.0
KNSC11,0.007,0.008055235903337166,24J2299666,AF e Subordinação,3.0
KNSC11,0.007,0.008055235903337166,23L1438568,FR,0.0
KNSC11,0.006,0.006904487917146143,21F1057167,AF e Subordinação,3.0
KNSC11,0.006,0.006904487917146143,20L0483122,AF e Subordinação ,3.0
KNSC11,0.005,0.0057537399309551185,21D0543872,"AF, CF e Aval",3.0
KNSC11,0.004,0.004602991944764095,21I0280212,AF e Subordinação,3.0
KNSC11,0.004,0.004602991944764095,23G1987539,"AF, AF de Cotas, CF, FR e Aval",3.0
KNSC11,0.004,0.004602991944764095,20J0837185,AF e Subordinação ,3.0
KNSC11,0.003,0.0034522439585730714,21E0076615,AF e Subordinação,3.0
KNSC11,0.003,0.0034522439585730714,22G0282305,"AF, AF de Cotas, CF e FR",3.0
KNSC11,0.002,0.0023014959723820475,22G0282285,"AF, AF de Cotas, CF e FR",3.0
KNSC11,0.002,0.0023014959723820475,21D0544319,"AF, CF e Aval",3.0
KNSC11,0.002,0.0023014959723820475,21F1057194,AF e Subordinação,3.0
KNSC11,0.001,0.0011507479861910237,22G0282372,"AF, AF de Cotas, CF e FR",3.0
KNSC11,0.001,0.0011507479861910237,20L0483126,AF e Subordinação ,3.0
KNSC11,0.001,0.0011507479861910237,21I0280476,AF e Subordinação,3.0
KNSC11,0.068,0.07825086306098962,22D0630029,"AF, AF de Cotas, CF e Aval",3.0
KNSC11,0.041,0.04718066743383197,22C1013173,"Aval, AF e CF",3.0
KNSC11,0.039,0.04487917146144992,24B1669805,"AF, CF, AF de Cotas e FR",3.0
KNSC11,0.026,0.029919447640966615,20J0812325,"AF,CF e FR",3.0
KNSC11,0.023,0.026467203682393546,20J0812343,"AF,CF e FR",3.0
KNSC11,0.016,0.01841196777905638,22E0640948,"AF, CF, Aval e FR",3.0
KNSC11,0.012,0.013808975834292286,23F1240696,FR,0.0
KNSC11,0.008,0.00920598388952819,22G0282370,"AF, AF de Cotas, CF e FR",3.0
KNSC11,0.008,0.00920598388952819,24E3617802,FR e Aval,1.0
KNSC11,0.008,0.00920598388952819,22G0282332,"AF, AF de Cotas, CF e FR",3.0
KNSC11,0.007,0.008055235903337166,22G0282297,"AF, AF de Cotas, CF e FR",3.0
KNSC11,0.006,0.006904487917146143,24G2824961,FR,0.0
KNSC11,0.006,0.006904487917146143,24G2819302,FR,0.0
KNSC11,0.006,0.006904487917146143,22G0282284,"AF, AF de Cotas, CF e FR",3.0
KNSC11,0.006,0.006904487917146143,23I1740395,"AF, AF de Cotas, CF e FR",3.0
KNSC11,0.006,0.006904487917146143,23H1250138,"AF, AF de Cotas, CF e FR",3.0
KNSC11,0.006,0.006904487917146143,22F1195743,"AF, AF de Cotas, CF e FR",3.0
KNSC11,0.006,0.006904487917146143,22F1195716,"AF, AF de Cotas, CF e FR",3.0
KNSC11,0.005,0.0057537399309551185,22G0282145,"AF, AF de Cotas, CF e FR",3.0
KNSC11,0.005,0.0057537399309551185,22G0081374,"AF, AF de Cotas, CF e Aval",3.0
KNSC11,0.004,0.004602991944764095,21D0524654,"AF, CF, FR e Aval",3.0
KNSC11,0.004,0.004602991944764095,23I1554281,FR,0.0
KNSC11,0.004,0.004602991944764095,23B0808932,"AF, CF e Fiança",3.0
KNSC11,0.004,0.004602991944764095,22I1289815,"AF, AF de Cotas, CF e Aval",3.0
KNSC11,0.003,0.0034522439585730714,20I0620356,AF de Cotas,2.0
KNSC11,0.003,0.0034522439585730714,23B0584796,FR,0.0
KNSC11,0.003,0.0034522439585730714,22I1289816,"AF, AF de Cotas, CF e Aval",3.0
KNSC11,0.003,0.0034522439585730714,23C1221667,"AF, CF, FR e Aval",3.0
KNSC11,0.002,0.0023014959723820475,23B0808931,"AF, CF e Fiança",3.0
KNSC11,0.002,0.0023014959723820475,23B0808933,"AF, CF e Fiança",3.0
KNSC11,0.002,0.0023014959723820475,23B0808928,"AF, CF e Fiança",3.0
KNSC11,0.002,0.0023014959723820475,22G0081402,"AF, AF de Cotas, CF e Aval",3.0
KNSC11,0.002,0.0023014959723820475,23B0808930,"AF, CF e Fiança",3.0
KNSC11,0.002,0.0023014959723820475,23B0808926,"AF, CF e Fiança",3.0
KNSC11,0.001,0.0011507479861910237,22G0082919,"AF, AF de Cotas, CF e Aval",3.0
KNSC11,0.001,0.0011507479861910237,22G0079365,"AF, AF de Cotas, CF e Aval",3.0
KNSC11,0.0,0.0,21D0524613,"AF, CF, FR e Aval",3.0
KNSC11,0.001,0.0011507479861910237,IDGR11,-,0.0
KNSC11,0.002,0.0023014959723820475,ERCR11,Imóveis no RJ,0.0
BODB11,0.034,0.04038004750593824,CJEN13,"GARANTIAS Alienação Fiduciária das Ações da SPE; Cessão Fiduciária de DireitosCreditórios, Recebíveis e Contas Vinculadas.",2.0
BODB11,0.081,0.09619952494061756,RGRA11,"GARANTIAS Alienação Fiduciária das Ações da SPE; Cessão Fiduciária de DireitosCreditórios, Recebíveis e Contas Vinculadas; e Garantia Corporativa dos Acionistas.",2.0
BODB11,0.043,0.05106888361045129,HVSP11,"GARANTIAS Alienação Fiduciária das Ações das SPEs e da Emissora; Alienação Fiduciáriade Equipamentos da Emissora e/ou das SPEs; Cessão Fiduciária de Direitos Creditórios, Recebíveis e Contas Vinculadas; e Garantia Corporativa da Comerc Participações S.A.",2.0
BODB11,0.017,0.02019002375296912,CPTM15,"GARANTIAS Cessão Fiduciária de Direitos Creditórios, Recebíveis e Conta Vinculada.",1.0
BODB11,0.054,0.06413301662707836,RAHD11,GARANTIAS Fiança Bancária até Completion do Projeto; Fiança das SPEs; AlienaçãoFiduciária de Equipamentos; Alienação Fiduciária dos Recebíveis; Alienação Fiduciária deAções das SPEs; e Conta Reserva do Serviço da Dívida e Conta Reserva de O&M,3.0
BODB11,0.022,0.02612826603325415,ENAT11,GARANTIAS Fiança Corporativa¹ e Corporate Guarantee² das controladas da emissora; Alienação Fiduciária das Ações das Fiadoras; Penhor dos Direitos Emergentes dasConcessões de Atlanta e Manati; Cessão de Direitos Creditórios e Contas Vinculadas.,3.0
BODB11,0.006,0.007125890736342041,HARG11,"GARANTIAS Alienação Fiduciária das Ações da Emissora; Cessão Fiduciária de DireitosCreditórios, Recebíveis e Contas Vinculadas; Garantia Corporativa da Ecorodovias.",2.0
BODB11,0.008,0.009501187648456056,BRKP28,GARANTIAS QUIROGRAFÁRIA,0.0
BODB11,0.077,0.09144893111638952,SGAB11,GARANTIAS Alienação Fiduciária das Ações da Emissora; Cessão Fiduciária de ContasVinculadas; Garantia Corporativa da Servy Participações até realização docompartilhamento das Garantias com a CEF (Caixa Econômica Federal),2.0
BODB11,0.09,0.10688836104513061,MEZP11,"GARANTIAS Alienação Fiduciária das ações da Emissora, Cessão Fiduciária de direitos daEmissora, Fiança Corporativa da Barolo Participações e da MEZ Construções atécompletion físico do projeto.",2.0
BODB11,0.051,0.06057007125890734,ASER12,"GARANTIAS Alienação Fiduciária das Ações da Emissora; Cessão Fiduciária de DireitosCreditórios, Recebíveis e Contas Vinculadas.",2.0
BODB11,0.025,0.029691211401425173,CLTM14,"GARANTIAS Alienação Fiduciária das Ações da Emissora; Cessão Fiduciária de DireitosCreditórios, Recebíveis e Contas Vinculadas.",2.0
BODB11,0.018,0.021377672209026123,BION16,GARANTIAS Fiança da Central Bioernergética Enervale e Bevap Participações; CessãoFiduciária de Direitos Creditórios,1.0
BODB11,0.003,0.0035629453681710207,ENAT33,GARANTIAS Fiança Corporativa¹ e Corporate Guarantee² das controladas da emissora; Alienação Fiduciária das Ações das Fiadoras; Penhor dos Direitos Emergentes dasConcessões de Atlanta e Manati; Cessão de Direitos Creditórios e Contas Vinculadas.,3.0
BODB11,0.071,0.08432304038004748,IRJS15,"GARANTIAS Alienação Fiduciária das Ações da Emissora; Cessão Fiduciária de DireitosCreditórios, Recebíveis e Contas Vinculadas.",2.0
BODB11,0.049,0.058194774346793335,CONX12,GARANTIAS Cessão Fiduciária de Recebíveis de montante mínimo mensal de R$ 10MM; eFiança das subsidiárias operacionais;,1.0
BODB11,0.042,0.04988123515439429,TEPA12,GARANTIAS Cessão Fiduciária de Direitos Creditórios de contratos que representem nomínimo 15% do saldo devedor; (ii) Alienação Fiduciária dos equipamentos equivalentes a100% do saldo devedor; e Fiança Corporativa da holding e subsidiárias;,2.0
BODB11,0.019,0.02256532066508313,ÓRIGO,"GARANTIAS Alienação Fiduciária das Ações das SPEs, Alienação Fiduciária dos Direitos deUso de Superfície, Alienação Fiduciária de Equipamentos, Cessão Fiduciária dos Recebíveise Garantia Corporativa da Ebes Sistemas de Energia S.A.",2.0
BODB11,0.05,0.059382422802850346,ORIG21,"GARANTIAS CF Dividendos das subsidiárias (Origem Pilar, Origem Canoas, Alpha LNG) eDireitos Creditórios de Swap; AF das Ações e Equipamentos e CF dos Contratos deConcessão e Petróleo e Gás da Origem Alagoas (em condição suspensiva)",2.0
BODB11,0.051,0.06057007125890734,ALMC12,GARANTIAS Fiança da Holding (Aluminum Investment S.A.),1.0
BODB11,0.022,0.02612826603325415,CTTP11,"GARANTIAS Alienação Fiduciária das Ações da Emissora; Cessão Fiduciária de DireitosCreditórios, Recebíveis e Contas Vinculadas.",2.0
BODB11,0.009,0.010688836104513062,SAPS11,"GARANTIAS Cessão Fiduciária de Direitos Creditórios e Recebíveis não imobiliários dosterminais Tietê, Jabaquara e Barra Funda; Cessão Fiduciária de Conta Vinculada; AlienaçãoFiduciária das Ações da Emissora; e Aval dos Acionistas",2.0
KNUQ11,0.06609304986945228,0.08314874787604938,24G2824961,FR,1.0
KNUQ11,0.06471247563957695,0.08141190839306571,24F1345887,CF e FR,1.0
KNUQ11,0.05435417306245424,0.06838058526438245,23K2261339,"AF de Cotas, AF, CF e Aval",3.0
KNUQ11,0.042467021582402134,0.05342588483322423,23L1438691,FR,1.0
KNUQ11,0.04222123182857124,0.05311666759612942,24D0007010,"CF, FR e Aval",1.0
KNUQ11,0.03892390986090362,0.04896845241318214,23J0019001,"FR, AF e Aval",2.0
KNUQ11,0.037635759969148835,0.04734788790923445,23I1554281,FR,1.0
KNUQ11,0.036981241883812584,0.046524467604596755,23I1554068,FR,1.0
KNUQ11,0.035204446974282363,0.044289160378620795,24D3314714,"AF, AF de cotas e CF ",3.0
KNUQ11,0.02652489506810894,0.033369799348240206,23H1744677,"AF, CF, AF de Cotas e Fiança",3.0
KNUQ11,0.02600853949207388,0.03272019519635229,24I1966999,"AF, AF de Cotas, CF e Aval",3.0
KNUQ11,0.025918970963061505,0.03260751298466454,23G1696052,"AF, CF, Aval e",3.0
KNUQ11,0.01943613138584145,0.02445173874528744,24E3617802,FR e Aval,1.0
KNUQ11,0.019200672670912716,0.0241555185320956,24D3470150,"CF, FR e Aval",2.0
KNUQ11,0.018702443923271077,0.023528718942667035,24J2302240,"AF, AF de
Cotas, CF e Aval",3.0
KNUQ11,0.01662598234980812,0.02091641431779034,23K2263743,"AF de Cotas, AF, CF e Aval",3.0
KNUQ11,0.01613110711745083,0.020293833637875368,23I1698252,"AF de Cotas, CF, Hipoteca e Aval",2.0
KNUQ11,0.015755330603519725,0.01982108579712185,23I1740443,"AF, AF de Cotas, CF, FR e Aval",3.0
KNUQ11,0.013976064562981606,0.01758266975033114,23I1740477,"AF, AF de Cotas, CF, FR e Aval",3.0
KNUQ11,0.013331901774245742,0.016772276987135522,24A2722073,"AF, AF de cotas e CF e Aval",3.0
KNUQ11,0.013273558371020051,0.01669887772753673,23H1297146,CF,1.0
KNUQ11,0.012695672732984371,0.015971865321343818,23L2755396,"AF, AF de cotas, CF e Aval",2.0
KNUQ11,0.011644621022356319,0.014649583570625352,23H1297148,CF,1.0
KNUQ11,0.011153519797906923,0.014031750803427914,22G0079318,"AF, AF de Cotas, CF e Aval",3.0
KNUQ11,0.011153519797906923,0.014031750803427914,22G0079354,"AF, AF de Cotas, CF e Aval",3.0
KNUQ11,0.009603731569715723,0.012082030660361873,23I1740417,"AF, AF de Cotas, CF, FR e Aval",3.0
KNUQ11,0.00896537298953115,0.01127893991567508,22G0082985,"AF, AF de Cotas, CF e Aval",3.0
KNUQ11,0.008561520836719778,0.010770871353252255,23L2859177,"AF, CF, AF de Cotas e Aval",3.0
KNUQ11,0.00623423381035029,0.007843014300611737,24J2301950,"AF, AF de
Cotas, CF e Aval",3.0
KNUQ11,0.005437106423485402,0.006840183530259334,22G0082919,"AF, AF de Cotas, CF e Aval",3.0
KNUQ11,0.005214353474638016,0.006559947880384772,21C0663319,"AF, CF, FR e Aval",3.0
KNUQ11,0.005185776135108467,0.006523995991279879,22G0082910,"AF, AF de Cotas, CF e Aval",3.0
KNUQ11,0.0051844838907460595,0.006522370275703183,22G0082657,"AF, AF de Cotas, CF e Aval",3.0
KNUQ11,0.0051844838907460595,0.006522370275703183,22G0082877,"AF, AF de Cotas, CF e Aval",3.0
KNUQ11,0.005049848216787328,0.006352991078779624,23K2261105,"AF de Cotas, AF, CF e Aval",2.0
KNUQ11,0.0045086939952034165,0.005672188845845638,24A2477894,"AF, AF de cotas, CF e Aval",3.0
KNUQ11,0.004481621479689124,0.005638130109392794,22G0082982,"AF, AF de Cotas, CF e Aval",3.0
KNUQ11,0.004480504707746542,0.005636725147919958,22G0082980,"AF, AF de Cotas, CF e Aval",3.0
KNUQ11,0.004480504707746542,0.005636725147919958,22G0082971,"AF, AF de Cotas, CF e Aval",3.0
KNUQ11,0.004043256109846561,0.005086641992463315,22L1035737,"AF, CF, FR e Aval",3.0
KNUQ11,0.003399186215232464,0.004276366095260796,23H1297145,CF,1.0
KNUQ11,0.0030300865664883224,0.003812018123799582,24A2477852,"AF, AF de cotas, CF e Aval",3.0
KNUQ11,0.0029069109194813513,0.003657056280796697,23H1297147,CF,1.0
KNUQ11,0.0027838906820390726,0.003502289951705452,23K2262998,"AF de Cotas, AF, CF e Aval",3.0
KNUQ11,0.0026139673674264565,0.0032885169321081624,24D3470125,"CF, FR e Aval",1.0
KNUQ11,0.001940145422089775,0.0024408112935150744,23L2859178,"AF, CF, AF de Cotas e Aval",3.0
KNUQ11,0.0014453178002321277,0.0018182905102675877,23I1740478,"AF, AF de Cotas, CF, FR e Aval",3.0
KNUQ11,1.6032334831209052e-05,2.016957258558499e-05,23H1297201,CF,1.0
HABT11,0.05362212520358517,0.05749722023564578,23J2094862,"- Cessão Fiduciária dos recebíveis e vendas futuras;
- Alienação fiduciária de 100% das quotas da SPE;
- Alienação fiduciária do imóvel onde está sendo desenvolvido o empreendimento (avaliado em R$1,98MM), a ser convertida em AF das unidades em estoque após a emissão do Habite-se;
- Aval da TMI e dos Sócios da empresa (pessoa física); 
- Fundo de Reserva (03 PMTs);
- Fundo de Obras.",3.0
HABT11,0.050239348402343884,0.05386998125527058,24C1690313,"Cessão Fiduciária dos Recebíveis;
Alienação Fiduciária das Quotas da desenvolvedora do projeto;
Fiança e coobrigação dos sócios PJs das SPEs;
Fundo de Reserva (03 PMTs).",2.0
HABT11,0.04150337872931676,0.04450269172030863,20L0871093,"- Cessão Fiduciária dos Recebíveis;
- Alienação Fiduciária das Quotas da SPE;
- Fiança e coobrigação dos sócios pessoa jurídica;
- Fundo de Obra;
- Fundo de Reserva (02 PMTs).",2.0
HABT11,0.035403350079175146,0.037961834016341844,24G1768866,CF dos recebíveis (1ª fase); • AF de quotas da SPE; • AF de Imóveis; • Coobrigação dos sócios Pessoa Física e/ou Jurídica; • Fundo de Obras; • Fundo de Reserva.,3.0
HABT11,0.03215625200516187,0.03448007881959332,23G1149789,"- Cessão de 100% dos direitos creditórios de unidades já vendidas;
- Promessa de cessão fiduciária de 100% dos direitos creditórios de vendas futuras;
- Alienação Fiduciária de quotas da SPE;
- AF do Imóvel sobre o qual será desenvolvido o Empreendimento; 
- Coobrigação da Cedente e Aval dos sócios da SPE; 
- Fundo de Despesas no valor de R$100 mil;
- Fundo de Obras.",3.0
HABT11,0.027242866481529036,0.029211619047020517,24D3462826,"- Cessão Fiduciária dos Recebíveis;
- Promessa de Cessão Fiduciária das vendas futuras;
- Alienação Fiduciária das Quotas da SPE;
- Fiança e coobrigação dos sócios pessoa física e jurídica;
- Fundo de Obra;
- Fundo de Reserva (03 PMTs).",2.0
HABT11,0.025458856389795604,0.02729868440003354,23G1149794,"Cessão Fiduciária dos Recebíveis;
Alienação Fiduciária das Quotas da desenvolvedora do projeto;
Fiança e coobrigação dos sócios PJs das SPEs;
Fundo de Reserva (03 PMTs).",2.0
HABT11,0.024251350297455263,0.026003915804727388,21J0989932,"Cessão Fiduciária dos direitos creditórios de royalties das franquias;
Cessão Fiduciária da conta vinculada dos recebíveis de cartões (oriundos das vendas realizadas nas lojas próprias da companhia);
Alienação fiduciária de terreno em Gramado, RS; 
Covenant de endividamento (Dívida Líquida/EBITDA < 5x);
Fundo de Reserva de R$ 750 mil.",3.0
HABT11,0.023823301404094808,0.025544933222449485,21B0566153,"- Cessão Fiduciária dos Recebíveis;
- Promessa de Cessão Fiduciária das vendas futuras;
- Alienação Fiduciária do imóvel do projeto e de outros 02 imóveis em Parnamirim – RN;
- Fiança e coobrigação dos sócios pessoa física;
- Fundo de Obra;
- Fundo de Reserva (03 PMTs).",3.0
HABT11,0.023580019745029088,0.02528407039619097,19K1139240,"- Cessão Fiduciária de 100% dos recebíveis; 
- Promessa de cessão fiduciária de 100% das vendas futuras;
- Alienação Fiduciária de 100% das quotas da cedente;
- Fiança e Coobrigação dos sócios pessoas físicas do Empreendimento;	
- Fundo de Reserva (02 PMTs).",2.0
HABT11,0.02268279455589546,0.024322005686806123,22A0423267,"- Cessão Fiduciária dos Recebíveis da cedente;
- Promessa de Cessão Fiduciária das vendas futuras da cedente;
- Alienação Fiduciária das Quotas da SPE;
- Fiança e coobrigação dos sócios pessoa jurídica;
- Fundo de Obras;
- Fundo de Reserva (02 PMTs).",2.0
HABT11,0.02131766974481781,0.022858227785171815,23B0790147,"- Cessão Fiduciária dos Recebíveis;
- Promessa de Cessão Fiduciária das vendas futuras;
- Fiança e coobrigação dos sócios pessoa física;
- Alienação Fiduciária de 100% das quotas da SPE;
- Fundo de Obra;
- Fundo de Reserva (02 PMTs).",2.0
HABT11,0.019056715581925798,0.02043388188405467,20H0050614,"Cessão Fiduciária dos direitos creditórios de royalties das franquias;
Cessão Fiduciária da conta vinculada dos recebíveis de cartões (oriundos das vendas realizadas nas lojas próprias da companhia);
Alienação fiduciária de terreno em Gramado, RS; 
Covenant de endividamento (Dívida Líquida/EBITDA < 5x);
Fundo de Reserva de R$ 750 mil.",3.0
HABT11,0.01663707722247438,0.01783938420020134,22B0653652,"- Cessão Fiduciária dos Direitos Creditórios decorrentes dos Contratos de Locação firmados com Fleury e Raia Drogasil;
- Alienação Fiduciária das Quotas das SPEs desenvolvedoras dos projetos;
- Aval da Voltxs Energia S.A.; 
- Fundo de Juros, no valor de R$ 340 mil;
- Fundo de Obras;
- Fundo de Reserva no valor de R$ 190 mil.",2.0
HABT11,0.016347606424465644,0.017528994297494098,21I0802801,"- Cessão Fiduciária dos Recebíveis;
- Promessa de Cessão Fiduciária das vendas futuras;
- Alienação Fiduciária do imóvel do projeto e de outros 02 imóveis em Parnamirim – RN;
- Fiança e coobrigação dos sócios pessoa física;
- Fundo de Obra;
- Fundo de Reserva (03 PMTs).",3.0
HABT11,0.01558249901908414,0.01670859509055997,24D3410758,"- Cessão de 100% dos direitos creditórios de unidades já vendidas;
- Promessa de cessão fiduciária de 100% dos direitos creditórios de vendas futuras;
- Alienação Fiduciária de quotas da SPE;
- AF do Imóvel sobre o qual será desenvolvido o Empreendimento; 
- Coobrigação da Cedente e Aval dos sócios da SPE; 
- Fundo de Despesas no valor de R$100 mil;
- Fundo de Obras.",3.0
HABT11,0.014517443251644066,0.015566571237696109,21I0600458,"- Hipoteca do terreno;
- Promessa de Cessão Fiduciária de 100% das vendas futuras;		
- Alienação Fiduciária de 100% das quotas da cedente;
- Aval dos sócios pessoas físicas e/ou jurídicas;
- Fundo de Obra, de 110% do valor remanescente;
- Fundo de Reserva, no valor de R$ 500 mil.",2.0
HABT11,0.013591247489959655,0.01457344234754668,24C1998253,"- Cessão Fiduciária de 100% dos Recebíveis;
- Promessa de Cessão Fiduciária de 100% das vendas futuras;		
- Alienação Fiduciária das quotas da SPE;
- Fiança e Coobrigação dos sócios pessoas físicas e/ou jurídicas;
- Fundo de Obra, de 110% do valor remanescente;
- Fundo de Reserva, no valor de 3 PMTs;
- Fundo de despesa no valor de R$ 135 mil.	",2.0
HABT11,0.012679719360381255,0.013596041071144987,20H0620360,"- Cessão Fiduciária dos Recebíveis;
- Coobrigação da cedente;
- Aval dos sócios pessoa física e jurídica;
- Fundo de Reserva (03 PMTs).",1.0
HABT11,0.012608206163271149,0.013519359849944153,21H1035398,"- Alienação Fiduciária das unidades residenciais prontas com Habite-se (atuais e futuras) dos empreendimentos;
- Fundo de Reserva no valor de três parcelas de Juros, e seis meses de despesas com Condomínio e IPTU das Unidades em Estoque (R$ 4 MM).",2.0
HABT11,0.011477722840793049,0.012307180207334576,21E0379796,"- Cessão Fiduciária de 100% dos Recebíveis;
- Promessa de Cessão Fiduciária das vendas; futuras; 
- Alienação Fiduciária das Quotas da SPE;
- Fiança e coobrigação dos sócios pessoa física e jurídica;
- Fundo de Reserva (03 PMTs).
",2.0
HABT11,0.011203829944342568,0.012013493970013655,20H0051749,"- Cessão Fiduciária dos Recebíveis;
- Promessa de Cessão Fiduciária de vendas futuras;
- Alienação Fiduciária das Quotas da SPE;
- Fiança e coobrigação dos sócios pessoa física e jurídica;
- Fundo de Obra;
- Fundo de Reserva (02 PMTs);
- Direito a troca de empresa de comercialização e obras.",2.0
HABT11,0.011042128072527156,0.01184010643453296,21J1001700,"Cessão Fiduciária dos direitos creditórios de royalties das franquias;
Cessão Fiduciária da conta vinculada dos recebíveis de cartões (oriundos das vendas realizadas nas lojas próprias da companhia);
Alienação fiduciária de terreno em Gramado, RS; 
Covenant de endividamento (Dívida Líquida/EBITDA < 5x);
Fundo de Reserva de R$ 750 mil.",3.0
HABT11,0.010945235024239549,0.01173621124359183,21J1001701,"- Cessão Fiduciária dos Recebíveis;
- Promessa de Cessão Fiduciária das vendas futuras;
- Alienação Fiduciária das Quotas da SPE;
- Fiança dos sócios pessoa física;
- Fundo de Obra;
- Fundo de Reserva (02 PMTs).",2.0
HABT11,0.010760295830696721,0.011537907101393756,21G0733018,"- Cessão Fiduciária de 100% dos recebíveis;
- Promessa de Cessão Fiduciária de 100% das vendas futuras;	
 - Alienação Fiduciária de quotas da cedente;
- Fiança e Coobrigação dos sócios pessoas físicas e/ou jurídicas do Empreendimento;
- Fundo de Obra, de 110% do valor remanescente das obras do Empreendimento;
- Fundo de Reserva, no valor de R$ 500 mil.",2.0
HABT11,0.01051212600326353,0.011271802854879961,24F1185811,• Cessão fiduciária dos recebíveis e vendas futuras; • Alienação Fiduciária de 100% das quotas da sociedade; • Alienação Fiduciária de Imóveis; • Fundo de Reserva e Despesas.,3.0
HABT11,0.00978238262124576,0.010489323313234057,24F2316395,• CF dos recebíveis e vendas futuras; • AF de 100% das quotas da SPE; • AF de imóveis; • Aval da TMI e Sócios PF; • Fundo de Reserva; • Fundo de Obras.,3.0
HABT11,0.00977601988253877,0.010482500760279493,24F2316349,• CF dos recebíveis e vendas futuras; • AF de 100% das quotas da SPE; • AF de imóveis; • Aval da TMI e Sócios PF; • Fundo de Reserva; • Fundo de Obras.,3.0
HABT11,0.009695386163093183,0.010396039906522204,20H0051754,"- Cessão Fiduciária dos Recebíveis;
- Promessa de Cessão Fiduciária de vendas futuras;
- Alienação Fiduciária das Quotas da SPE;
- Fiança e coobrigação dos sócios pessoa física e jurídica;
- Fundo de Obra;
- Fundo de Reserva (02 PMTs);
- Direito a troca de empresa de comercialização e obras.",2.0
HABT11,0.009566512029264307,0.010257852461930927,21J0300224,"- Cessão Fiduciária de 100% dos Recebíveis e das vendas futuras;
- Alienação Fiduciária das Quotas da SPE;
- Alienação Fiduciária de duas das matrículas do Imóvel, no valor de R$ 15,2MM;
- Coobrigação dos sócios Pessoa Física e/ou jurídica;
- Fundo de Obras de 105% do valor do retrofit;
- Fundo de Reserva (03 PMTs).",3.0
HABT11,0.009547256356261424,0.010237205244625963,21B0564516,"- Cessão de 100% dos direitos creditórios de unidades já vendidas;
- Promessa de cessão fiduciária de 100% dos direitos creditórios de vendas futuras;
- Alienação Fiduciária de quotas da SPE;
- AF do Imóvel sobre o qual será desenvolvido o Empreendimento; 
- Coobrigação da Cedente e Aval dos sócios da SPE; 
- Fundo de Despesas no valor de R$100 mil;
- Fundo de Obras.",3.0
HABT11,0.009358028211282825,0.010034302202545682,21L0967451,"- Cessão Fiduciária dos Recebíveis;
- Promessa de Cessão Fiduciária das vendas futuras;
- Fiança e coobrigação dos sócios pessoa física;
- Alienação Fiduciária de 100% das quotas da SPE;
- Fundo de Obra;
- Fundo de Reserva (02 PMTs).",2.0
HABT11,0.008942560096812638,0.0095888095707657,21J0649503,"- Cessão Fiduciária dos Recebíveis;
- Coobrigação da cedente;
- Aval dos sócios pessoa física e jurídica;
- Fundo de Reserva (03 PMTs).",2.0
HABT11,0.008898574911531624,0.009541645720478038,21L0967725,"- Cessão Fiduciária dos Recebíveis;
- Promessa de Cessão Fiduciária das vendas futuras;
- Fiança e coobrigação dos sócios pessoa física;
- Alienação Fiduciária de 100% das quotas da SPE;
- Fundo de Obra;
- Fundo de Reserva (02 PMTs).",2.0
HABT11,0.008706153486040565,0.009335318629981135,21F1037235,"- Cessão Fiduciária de 100% dos Recebíveis e das vendas futuras;
- Alienação Fiduciária das Quotas da SPE;
- Alienação Fiduciária de duas das matrículas do Imóvel, no valor de R$ 15,2MM;
- Coobrigação dos sócios Pessoa Física e/ou jurídica;
- Fundo de Obras de 105% do valor do retrofit;
- Fundo de Reserva (03 PMTs).",3.0
HABT11,0.00856509716896782,0.009184068635737744,22B0652228,"- Alienação Fiduciária das unidades residenciais prontas com Habite-se (atuais e futuras) dos empreendimentos;
- Fundo de Reserva no valor de três parcelas de Juros, e seis meses de despesas com Condomínio e IPTU das Unidades em Estoque (R$ 4 MM).",3.0
HABT11,0.008396632989665122,0.009003430102997588,20L0871063,"- Cessão Fiduciária dos Recebíveis da cedente;
- Promessa de Cessão Fiduciária das vendas futuras da cedente;
- Alienação Fiduciária das Quotas da SPE;
- Fiança e coobrigação dos sócios pessoa jurídica;
- Fundo de Obras;
- Fundo de Reserva (02 PMTs).",3.0
HABT11,0.007747753246196264,0.008307657949711434,21A0608474,"- Cessão de 100% dos direitos creditórios de unidades já vendidas;
- Promessa de cessão fiduciária de 100% dos direitos creditórios de vendas futuras;
- Alienação Fiduciária de quotas da SPE;
- AF do Imóvel sobre o qual será desenvolvido o Empreendimento; 
- Coobrigação da Cedente e Aval dos sócios da SPE; 
- Fundo de Despesas no valor de R$100 mil;
- Fundo de Obras.",3.0
HABT11,0.007413682151454413,0.007949444633178218,21K0522538,"- Cessão Fiduciária dos Recebíveis;
- Promessa de Cessão Fiduciária das vendas futuras;
- Alienação Fiduciária das Quotas da SPE;
- Fiança dos sócios pessoa física;
- Fundo de Obra;
- Fundo de Reserva (02 PMTs).",2.0
HABT11,0.007011556040138248,0.007518258187339562,22B0653348,"- Cessão Fiduciária dos Recebíveis e das vendas futuras;
- Alienação Fiduciária das Quotas da SPE;
- Coobrigação da cedente;
- Aval dos sócios Pessoa Física;
- Fundo de Despesas (R$ 250 mil);
- Fundo de Reserva (02 PMTs).",2.0
HABT11,0.006677132372496022,0.007159666818619401,22B0653645,"- Cessão Fiduciária dos Recebíveis;
- Promessa de Cessão Fiduciária das vendas
futuras;
- Alienações Fiduciárias de Participações;
- Fiança e coobrigação dos sócios pessoa física;
- Fundo de Obras;
- Fundo de Reserva (02 PMTs).",2.0
HABT11,0.006375738115110253,0.006836491787251754,20H0050651,"- Cessão Fiduciária dos Recebíveis;
- Promessa de Cessão Fiduciária de vendas futuras;
- Alienação Fiduciária das Quotas da SPE;
- Fiança e coobrigação dos sócios pessoa física e jurídica;
- Fundo de Obra;
- Fundo de Reserva (02 PMTs);
- Direito a troca de empresa de comercialização e obras.",2.0
HABT11,0.00625287041025381,0.006704744836545167,22I0149798,"- Cessão Fiduciária dos Recebíveis;
- Promessa de Cessão Fiduciária das vendas futuras;
- Alienação Fiduciária das Quotas da SPE;
- Fiança e Coobrigação dos sócios pessoa jurídica;
- Fundo de Obras;
- Fundo de Reserva (03 PMTs);
- Fundo de Despesas, no valor de R$ 50 mil.",2.0
HABT11,0.005933778052038986,0.006362592720676349,22B0653493,"- Cessão de créditos e estoque/vendas do projeto;
- AF de quotas da SPE;
- Fiança;
- Fundo de Obras;
- Fundo de Reserva.",2.0
HABT11,0.0058110269156489225,0.0062309707624566965,21A0607979,"- Cessão de 100% dos direitos creditórios de unidades já vendidas;
- Promessa de cessão fiduciária de 100% dos direitos creditórios de vendas futuras;
- Alienação Fiduciária de quotas da SPE;
- AF do Imóvel sobre o qual será desenvolvido o Empreendimento; 
- Coobrigação da Cedente e Aval dos sócios da SPE; 
- Fundo de Despesas no valor de R$100 mil;
- Fundo de Obras.",3.0
HABT11,0.005719173974368736,0.006132479910517736,22B0653675,"- Cessão Fiduciária dos Recebíveis;
- Promessa de Cessão Fiduciária das vendas
futuras;
- Alienações Fiduciárias de Participações;
- Fiança e coobrigação dos sócios pessoa física;
- Fundo de Obras;
- Fundo de Reserva (02 PMTs).",2.0
HABT11,0.005644527649396452,0.006052439140585215,22B0653681,"- Cessão Fiduciária dos Recebíveis;
- Promessa de Cessão Fiduciária das vendas futuras;
- Alienação Fiduciária das quotas das SPEs;
- Aval dos sócios;
- Fundo de Reserva e Despesas.",2.0
HABT11,0.005570272186899818,0.0059728174794768775,21L0967727,"- Cessão Fiduciária dos Recebíveis;
- Promessa de Cessão Fiduciária das vendas futuras;
- Alienação Fiduciária das Quotas da SPE;
- Coobrigação da cedente;
- Obrigação de aporte de cotistas;
- Fundo de Reserva (03 PMTs).",2.0
HABT11,0.005464603572782431,0.0058595125413597165,22B0653656,"- Cessão Fiduciária dos recebíveis e vendas futuras;
- Alienação fiduciária de 100% das quotas da SPE;
- Alienação fiduciária do imóvel onde está sendo desenvolvido o empreendimento (avaliado em R$1,98MM), a ser convertida em AF das unidades em estoque após a emissão do Habite-se;
- Aval da TMI e dos Sócios da empresa (pessoa física); 
- Fundo de Reserva (03 PMTs);
- Fundo de Obras.",3.0
HABT11,0.00532794486078943,0.0057129779526848175,22D1286980,"- Cessão Fiduciária dos Recebíveis;
- Promessa de Cessão Fiduciária das vendas futuras;
- Alienação Fiduciária dos imóveis do empreendimento;
- Fiança e coobrigação dos sócios pessoa física e jurídica;
- Fundo de Obra;
- Fundo de Reserva (03 PMTs).",3.0
HABT11,0.0053167734392921134,0.005700999209213951,22I0149823,"- Cessão Fiduciária dos Recebíveis;
- Alienação Fiduciária das Quotas da SPE;
- Fiança e coobrigação dos sócios pessoa jurídica;
- Fundo de Obra;
- Fundo de Reserva (02 PMTs).",2.0
HABT11,0.005150944182218957,0.005523186015886595,22I0149814,"- Cessão Fiduciária dos Recebíveis;
- Promessa de Cessão Fiduciária das vendas futuras;
- Alienação Fiduciária das Quotas da SPE;
- Fiança e Coobrigação dos sócios pessoa jurídica;
- Fundo de Obras;
- Fundo de Reserva (03 PMTs);
- Fundo de Despesas, no valor de R$ 50 mil.",2.0
HABT11,0.004978289039576893,0.005338053652638824,21D0864263,"-Cessão Fiduciária dos Recebíveis, receitas de condomínio e pool do Ipioca Beach Residence;
Cessão Fiduciária das receitas de gestão dos hotéis Acqua Inn e Acqua Suítes;
-Estoque de apartamentos do Ipioca Beach Life;
-Promessa de Cessão Fiduciária das vendas futuras;
-Alienação Fiduciária das Quotas da cedente;
-Fiança e coobrigação dos sócios pessoa jurídica;
-Fundo de Reserva (02 PMTs).",2.0
HABT11,0.004974950450710138,0.005334473794909962,21G0733026,"- Cessão Fiduciária de 100% dos recebíveis;
- Promessa de Cessão Fiduciária de 100% das vendas futuras;	
 - Alienação Fiduciária de quotas da cedente;
- Fiança e Coobrigação dos sócios pessoas físicas e/ou jurídicas do Empreendimento;
- Fundo de Obra, de 110% do valor remanescente das obras do Empreendimento;
- Fundo de Reserva, no valor de R$ 500 mil.",2.0
HABT11,0.004916456487701328,0.0052717526651374245,22I0149811,"- Cessão Fiduciária dos Recebíveis;
- Promessa de Cessão Fiduciária das vendas futuras;
- Alienação Fiduciária das Quotas da SPE;
- Fiança e Coobrigação dos sócios pessoa jurídica;
- Fundo de Obras;
- Fundo de Reserva (03 PMTs);
- Fundo de Despesas, no valor de R$ 50 mil.",2.0
HABT11,0.004886039461893237,0.005239137500685043,21L0967718,"- Cessão Fiduciária dos Recebíveis;
- Promessa de Cessão Fiduciária das vendas futuras;
- Fiança e coobrigação dos sócios pessoa física;
- Alienação Fiduciária de 100% das quotas da SPE;
- Fundo de Obra;
- Fundo de Reserva (02 PMTs).",2.0
HABT11,0.004859602138541874,0.005210789638726885,21I0940475,"- Hipoteca do terreno;
- Promessa de Cessão Fiduciária de 100% das vendas futuras;		
- Alienação Fiduciária de 100% das quotas da cedente;
- Aval dos sócios pessoas físicas e/ou jurídicas;
- Fundo de Obra, de 110% do valor remanescente;
- Fundo de Reserva, no valor de R$ 500 mil.",3.0
HABT11,0.0047902267090132854,0.005136400674555784,21F1151103,"- Cessão Fiduciária dos Recebíveis;
- Promessa de Cessão Fiduciária das vendas futuras;
- Alienação Fiduciária das Quotas da SPE;
- Fiança e coobrigação dos sócios pessoa jurídica;
- Fundo de Obras;
- Fundo de Reserva (02 PMTs).",2.0
HABT11,0.00473436852459185,0.00507650580244005,22B0653556,"- Cessão Fiduciária dos recebíveis e vendas futuras;
- Alienação fiduciária de 100% das quotas da SPE;
- Alienação fiduciária do imóvel onde está sendo desenvolvido o empreendimento (avaliado em R$1,98MM), a ser convertida em AF das unidades em estoque após a emissão do Habite-se;
- Aval da TMI e dos Sócios da empresa (pessoa física); 
- Fundo de Reserva (03 PMTs);
- Fundo de Obras.",3.0
HABT11,0.004705073898451586,0.005045094149796432,21L0967724,"- Cessão Fiduciária dos Recebíveis;
- Promessa de Cessão Fiduciária das vendas futuras;
- Fiança e coobrigação dos sócios pessoa física;
- Alienação Fiduciária de 100% das quotas da SPE;
- Fundo de Obra;
- Fundo de Reserva (02 PMTs).",2.0
HABT11,0.0046088959089554135,0.00494196569259919,22I0149863,CF dos recebíveis; • AF das quotas da SPE; • Fiança e coobrigação dos sócios pessoa jurídica; • Fundo de Obras; • Fundo de Reserva; • Fundo de Despesas.,2.0
HABT11,0.004600770656074761,0.004933253254355173,22B0653678,"- Cessão Fiduciária dos recebíveis e vendas futuras;
- Alienação fiduciária de 100% das quotas da SPE;
- Alienação fiduciária do imóvel onde está sendo desenvolvido o empreendimento (avaliado em R$1,98MM), a ser convertida em AF das unidades em estoque após a emissão do Habite-se;
- Aval da TMI e dos Sócios da empresa (pessoa física); 
- Fundo de Reserva (03 PMTs);
- Fundo de Obras.",3.0
HABT11,0.004584721731757545,0.00491604452694072,21D0864264,"- Cessão Fiduciária dos Recebíveis;
- Promessa de Cessão Fiduciária das vendas futuras;
- Alienação Fiduciária das Quotas da SPE;
- Fiança e coobrigação dos sócios pessoa física e jurídica;
- Fundo de Obra;
- Fundo de Reserva (03 PMTs).",2.0
HABT11,0.004506705015902578,0.004832389799036072,20L0871069,"- Cessão Fiduciária dos Recebíveis da cedente;
- Promessa de Cessão Fiduciária das vendas futuras da cedente;
- Alienação Fiduciária das Quotas da SPE;
- Fiança e coobrigação dos sócios pessoa jurídica;
- Fundo de Obras;
- Fundo de Reserva (02 PMTs).",2.0
HABT11,0.004456453938200533,0.0047785072408431,23H1074707,"- Cessão Fiduciária dos Recebíveis;
- Promessa de Cessão Fiduciária das vendas futuras;
- Alienação Fiduciária de quotas;
- Fiança e coobrigação dos sócios pessoa física;
- Fundo de Reserva (03 PMTs).",2.0
HABT11,0.004270715827674129,0.0045793464465526245,20L0871068,"- Cessão Fiduciária dos recebíveis e promessa de cessão fiduciária das vendas futuras;
- Alienação Fiduciária das Quotas da SPE;
- Alienação Fiduciária de Imóvel;
- Aval e coobrigação dos sócios pessoa física e jurídica;
- Fundo de Obras;
-Fundo de Reserva (3% do saldo devedor).",3.0
HABT11,0.004244847463277662,0.004551608660346043,22B0084502,"- Fiança;
- Alienação Fiduciária de Imóveis;
- Alienação Fiduciária de Quotas;
- Cessão Fiduciária decorrente de vendas,
passadas ou futuras, dos imóveis cedidos",3.0
HABT11,0.004194860533042066,0.004498009338690143,21I0802805,"- Cessão Fiduciária de 100% dos Recebíveis;
- Promessa de Cessão Fiduciária de 100% das vendas futuras;		
- Alienação Fiduciária das quotas da SPE;
- Fiança e Coobrigação dos sócios pessoas físicas e/ou jurídicas;
- Fundo de Obra, de 110% do valor remanescente;
- Fundo de Reserva, no valor de 3 PMTs;
- Fundo de despesa no valor de R$ 135 mil.	",2.0
HABT11,0.00414037162587192,0.0044395826969994825,21A0608487,"- Cessão de 100% dos direitos creditórios de unidades já vendidas;
- Promessa de cessão fiduciária de 100% dos direitos creditórios de vendas futuras;
- Alienação Fiduciária de quotas da SPE;
- AF do Imóvel sobre o qual será desenvolvido o Empreendimento; 
- Coobrigação da Cedente e Aval dos sócios da SPE; 
- Fundo de Despesas no valor de R$100 mil;
- Fundo de Obras.",3.0
HABT11,0.0038734882258950345,0.004153412509461244,20L0871064,"- Cessão Fiduciária de dos Recebíveis;
- Promessa de Cessão Fiduciária das vendas 
futuras;
- Alienação Fiduciária das Quotas da 
desenvolvedora do projeto;
- Fiança e coobrigação dos sócios;
- Fundo de Reserva (03 PMTs) e Despesas.",2.0
HABT11,0.0035359368410151307,0.003791467393641973,20L0871066,"- Cessão Fiduciária dos recebíveis e promessa de cessão fiduciária das vendas futuras;
- Alienação Fiduciária das Quotas da SPE;
- Alienação Fiduciária de Imóvel;
- Aval e coobrigação dos sócios pessoa física e jurídica;
- Fundo de Obras;
-Fundo de Reserva (3% do saldo devedor).",3.0
HABT11,0.0034711073740734764,0.0037219529138567777,22D1286982,"- Cessão Fiduciária dos Recebíveis;
- Promessa de Cessão Fiduciária das vendas futuras;
- Alienação Fiduciária dos imóveis do empreendimento;
- Fiança e coobrigação dos sócios pessoa física e jurídica;
- Fundo de Obra;
- Fundo de Reserva (03 PMTs).",3.0
HABT11,0.003333960356463405,0.003574894731320196,22D1286981,"- Cessão Fiduciária dos Recebíveis;
- Promessa de Cessão Fiduciária das vendas futuras;
- Alienação Fiduciária dos imóveis do empreendimento;
- Fiança e coobrigação dos sócios pessoa física e jurídica;
- Fundo de Obra;
- Fundo de Reserva (03 PMTs).",3.0
HABT11,0.0032563871950411194,0.0034917156120715946,21C0710827,"- Cessão Fiduciária dos Recebíveis;
- Promessa de Cessão Fiduciária das vendas futuras;
- Alienação Fiduciária das Quotas da SPE;
- Fiança e Coobrigação dos sócios pessoa jurídica;
- Fundo de Obras;
- Fundo de Reserva (03 PMTs);
- Fundo de Despesas, no valor de R$ 50 mil.",2.0
HABT11,0.003202255570739434,0.003433672072909906,21D0864252,"- Cessão Fiduciária dos recebíveis e vendas futuras;
- Alienação fiduciária de 100% das quotas da SPE;
- Alienação fiduciária do imóvel onde está sendo desenvolvido o empreendimento (avaliado em R$1,98MM), a ser convertida em AF das unidades em estoque após a emissão do Habite-se;
- Aval da TMI e dos Sócios da empresa (pessoa física); 
- Fundo de Reserva (03 PMTs);
- Fundo de Obras.",3.0
HABT11,0.0031664747865631274,0.003395305528872751,21D0864254,"- Cessão Fiduciária dos recebíveis e vendas futuras;
- Alienação fiduciária de 100% das quotas da SPE;
- Alienação fiduciária do imóvel onde está sendo desenvolvido o empreendimento (avaliado em R$1,98MM), a ser convertida em AF das unidades em estoque após a emissão do Habite-se;
- Aval da TMI e dos Sócios da empresa (pessoa física); 
- Fundo de Reserva (03 PMTs);
- Fundo de Obras.",3.0
HABT11,0.0031060578460877213,0.003330522454362193,22D1286983,"- Cessão Fiduciária dos Recebíveis;
- Promessa de Cessão Fiduciária das vendas futuras;
- Alienação Fiduciária dos imóveis do empreendimento;
- Fiança e coobrigação dos sócios pessoa física e jurídica;
- Fundo de Obra;
- Fundo de Reserva (03 PMTs).",2.0
HABT11,0.002896821626923195,0.003106165420229345,21L0729728,"- Cessão Fiduciária dos Recebíveis;
- Promessa de Cessão Fiduciária das vendas futuras;
- Alienação Fiduciária das Quotas da SPE;
- Coobrigação da cedente;
- Fiança dos sócios PF e PJ do empreendimento;
- Fundo de Obras;
- Fundo de Reserva (R$ 1,2 MM);
- Fundo de despesas, no valor de R$300 mil;
- Alienação Fiduciária do imóvel do empreendimento.",2.0
HABT11,0.00289027879356868,0.003099149757778045,21B0591503,"- Cessão de 100% dos direitos creditórios de unidades já vendidas;
- Promessa de cessão fiduciária de 100% dos direitos creditórios de vendas futuras;
- Alienação Fiduciária de quotas da SPE;
- AF do Imóvel sobre o qual será desenvolvido o Empreendimento; 
- Coobrigação da Cedente e Aval dos sócios da SPE; 
- Fundo de Despesas no valor de R$100 mil;
- Fundo de Obras.",3.0
HABT11,0.002876134681551884,0.0030839834971984853,18E0844461,"- Cessão Fiduciária dos Recebíveis da cedente;
- Promessa de Cessão Fiduciária das vendas futuras da cedente;
- Alienação Fiduciária das Quotas da SPE;
- Fiança e coobrigação dos sócios pessoa jurídica;
- Fundo de Obras;
- Fundo de Reserva (02 PMTs).",2.0
HABT11,0.0028616029767893495,0.0030684016338173043,21B0000204,"- Cessão Fiduciária de 100% dos Recebíveis e das vendas futuras;
- Promessa de Cessão Fiduciária das vendas futuras;		
- Alienação Fiduciária das Quotas da SPE;
- Fiança e Coobrigação dos sócios Pessoa Física e/ou jurídica;
- Fundo de Obras;
- Fundo de Reserva (02 PMTs).",2.0
HABT11,0.002854492949096082,0.00306077778775359,22D1286984,"- Cessão Fiduciária dos Recebíveis;
- Promessa de Cessão Fiduciária das vendas futuras;
- Alienação Fiduciária dos imóveis do empreendimento;
- Fiança e coobrigação dos sócios pessoa física e jurídica;
- Fundo de Obra;
- Fundo de Reserva (03 PMTs).",3.0
HABT11,0.002801485008998976,0.0030039391377666732,21C0710497,"- Cessão Fiduciária dos Recebíveis;
- Promessa de Cessão Fiduciária das vendas futuras;
- Alienação Fiduciária das quotas da SPE;
- Fiança e Coobrigação dos sócios PF e PJ do empreendimento;
- Fundo de Reserva (06 PMTs);
- Fundo de Obras.",2.0
HABT11,0.0026123205199527076,0.0028011043518240695,18E0852030,"- Cessão Fiduciária dos Recebíveis da cedente;
- Promessa de Cessão Fiduciária das vendas futuras da cedente;
- Alienação Fiduciária das Quotas da SPE;
- Fiança e coobrigação dos sócios pessoa jurídica;
- Fundo de Obras;
- Fundo de Reserva (02 PMTs).",2.0
HABT11,0.0024705994226734843,0.002649141535890096,21A0850298,"- Cessão Fiduciária de 100% dos Recebíveis e das vendas futuras;
- Promessa de Cessão Fiduciária das vendas futuras;		
- Alienação Fiduciária das Quotas da SPE;
- Fiança e Coobrigação dos sócios Pessoa Física e/ou jurídica;
- Fundo de Obras;
- Fundo de Reserva (02 PMTs).",2.0
HABT11,0.002469336515445279,0.00264778736250063,21A0775722,"- Cessão fiduciária dos recebíveis e vendas futuras;
- Alienação Fiduciária de 100% das quotas ou ações da(s) sociedade(s) detentora(s) do(s) Empreendimento(s);
- Fundo de Reserva (02 PMTs);
- Fiança dos sócios da Tomadora.",2.0
HABT11,0.00245635745231147,0.002633870345063823,21A0850574,"- Cessão Fiduciária de 100% dos Recebíveis e das vendas futuras;
- Promessa de Cessão Fiduciária das vendas futuras;		
- Alienação Fiduciária das Quotas da SPE;
- Fiança e Coobrigação dos sócios Pessoa Física e/ou jurídica;
- Fundo de Obras;
- Fundo de Reserva (02 PMTs).",2.0
HABT11,0.0023514436397740856,0.0025213747555600345,21D0864265,"- Cessão Fiduciária dos Recebíveis;
- Promessa de Cessão Fiduciária das vendas futuras;
- Alienação Fiduciária das Quotas da SPE;
- Fiança e coobrigação dos sócios pessoa física e jurídica;
- Fundo de Obra;
- Fundo de Reserva (03 PMTs).",2.0
HABT11,0.0023387526113002478,0.0025077665881029134,21A0607963,"- Cessão de 100% dos direitos creditórios de unidades já vendidas;
- Promessa de cessão fiduciária de 100% dos direitos creditórios de vendas futuras;
- Alienação Fiduciária de quotas da SPE;
- AF do Imóvel sobre o qual será desenvolvido o Empreendimento; 
- Coobrigação da Cedente e Aval dos sócios da SPE; 
- Fundo de Despesas no valor de R$100 mil;
- Fundo de Obras.",3.0
HABT11,0.0023319383773879325,0.002500459911866079,21A0869388,"- Cessão Fiduciária dos Recebíveis;
- Alienação Fiduciária das Quotas da SPE;
- Fiança e coobrigação dos sócios pessoa jurídica;
- Fundo de Obra;
- Fundo de Reserva (02 PMTs).",2.0
HABT11,0.002319291049113868,0.0024868986026787706,21J0650047,"- Cessão Fiduciária do Contrato de Locação;
- Alienação Fiduciária do Imóvel;
- Fundo de despesa no valor de R$ 22 mil;
- Fundo de Reserva (03 PMTs).",3.0
HABT11,0.00231071282186436,0.002477700455094657,21L0050460,"- Cessão fiduciária dos recebíveis e vendas futuras;
- Alienação Fiduciária das quotas das sociedades detentoras dos Empreendimentos;
- Fundo de Reserva dinâmico no valor de 01 PMT;
- Fiança e coobrigação dos sócios pessoa jurídica;",2.0
HABT11,0.002257388301846148,0.002420522346994565,21H0284007,"- Cessão Fiduciária dos Recebíveis;
- Promessa de Cessão Fiduciária das vendas futuras;
- Alienação Fiduciária das Quotas da SPE;
- Fiança dos sócios pessoa física;
- Fundo de Obra;
- Fundo de Reserva (02 PMTs).",2.0
HABT11,0.0022533408043942235,0.0024161823501833058,21J0302094,"- Cessão Fiduciária dos Recebíveis;
- Promessa de Cessão Fiduciária de vendas futuras;
- Alienação Fiduciária das Quotas da SPE;
- Fiança e coobrigação dos sócios pessoa física e jurídica;
- Fundo de Obra;
- Fundo de Reserva (02 PMTs);
- Direito a troca de empresa de comercialização e obras.",2.0
HABT11,0.002247882924514975,0.0024103300472347487,21A0859444,"- Cessão Fiduciária dos Recebíveis;
- Alienação Fiduciária das Quotas da SPE;
- Fiança e coobrigação dos sócios pessoa jurídica;
- Fundo de Obra;
- Fundo de Reserva (02 PMTs).",2.0
HABT11,0.0022365697109205294,0.002398199264817172,21A0826515,"- Cessão Fiduciária dos Recebíveis;
- Alienação Fiduciária das Quotas da SPE;
- Fiança e coobrigação dos sócios pessoa jurídica;
- Fundo de Obra;
- Fundo de Reserva (02 PMTs).",2.0
HABT11,0.002151826226428388,0.002307331646779256,21J0300975,"- Cessão Fiduciária de 100% dos Recebíveis e das vendas futuras;
- Alienação Fiduciária das Quotas da SPE;
- Alienação Fiduciária de duas das matrículas do Imóvel, no valor de R$ 15,2MM;
- Coobrigação dos sócios Pessoa Física e/ou jurídica;
- Fundo de Obras de 105% do valor do retrofit;
- Fundo de Reserva (03 PMTs).",3.0
HABT11,0.0020957768276827038,0.0022472317419075134,21D0864253,"- Cessão Fiduciária dos recebíveis e vendas futuras;
- Alienação fiduciária de 100% das quotas da SPE;
- Alienação fiduciária do imóvel onde está sendo desenvolvido o empreendimento (avaliado em R$1,98MM), a ser convertida em AF das unidades em estoque após a emissão do Habite-se;
- Aval da TMI e dos Sócios da empresa (pessoa física); 
- Fundo de Reserva (03 PMTs);
- Fundo de Obras.",3.0
HABT11,0.002013122921181237,0.0021586047088048873,21A0775566,"- Cessão Fiduciária de 100% dos Recebíveis e das vendas futuras;
- Promessa de Cessão Fiduciária das vendas futuras;		
- Alienação Fiduciária das Quotas da SPE;
- Fiança e Coobrigação dos sócios Pessoa Física e/ou jurídica;
- Fundo de Obras;
- Fundo de Reserva (02 PMTs).",2.0
HABT11,0.0018819332736198025,0.0020179344159017587,19D1329258,"- Cessão Fiduciária dos Recebíveis;
- Promessa de Cessão Fiduciária das vendas futuras;
- Alienação Fiduciária das quotas da SPE;
- Fiança e Coobrigação dos sócios PF e PJ do empreendimento;
- Fundo de Reserva (06 PMTs);
- Fundo de Obras.",2.0
HABT11,0.0016344503878958237,0.0017525667541203609,21L0729731,"- Cessão Fiduciária dos Recebíveis;
- Promessa de Cessão Fiduciária das vendas futuras;
- Alienação Fiduciária das Quotas da SPE;
- Coobrigação da cedente;
- Fiança dos sócios PF e PJ do empreendimento;
- Fundo de Obras;
- Fundo de Reserva (R$ 1,2 MM);
- Fundo de despesas, no valor de R$300 mil;
- Alienação Fiduciária do imóvel do empreendimento.",3.0
HABT11,0.00152913932912439,0.001639645210700718,22I0149864,"- Cessão Fiduciária dos Recebíveis;
- Promessa de Cessão Fiduciária das vendas futuras;
- Alienação Fiduciária das Quotas da SPE;
- Fiança e Coobrigação dos sócios pessoa jurídica;
- Fundo de Obras;
- Fundo de Reserva (03 PMTs);
- Fundo de Despesas, no valor de R$ 50 mil.",2.0
HABT11,0.0014455038678685592,0.0015499656891025178,18E0852434,"- Cessão Fiduciária dos Recebíveis da cedente;
- Promessa de Cessão Fiduciária das vendas futuras da cedente;
- Alienação Fiduciária das Quotas da SPE;
- Fiança e coobrigação dos sócios pessoa jurídica;
- Fundo de Obras;
- Fundo de Reserva (02 PMTs).",2.0
HABT11,0.0013937472352435426,0.0014944687744726398,21A0607952,"- Cessão de 100% dos direitos creditórios de unidades já vendidas;
- Promessa de cessão fiduciária de 100% dos direitos creditórios de vendas futuras;
- Alienação Fiduciária de quotas da SPE;
- AF do Imóvel sobre o qual será desenvolvido o Empreendimento; 
- Coobrigação da Cedente e Aval dos sócios da SPE; 
- Fundo de Despesas no valor de R$100 mil;
- Fundo de Obras.",3.0
HABT11,0.0010575408641429634,0.0011339658721649783,21K0522795,"- Cessão Fiduciária dos Recebíveis e das vendas futuras;
- Alienação Fiduciária das Quotas da SPE;
- Coobrigação da cedente;
- Aval dos sócios Pessoa Física e/ou jurídica;
- Fundo de Obras (104,45%);
- Fundo de Despesas (R$ 300 mil);
- Fundo de Reserva (R$ 500 mil).",2.0
HABT11,0.0008085620380589677,0.000866994163322545,21A0850275,"- Cessão Fiduciária de 100% dos Recebíveis e das vendas futuras;
- Promessa de Cessão Fiduciária das vendas futuras;		
- Alienação Fiduciária das Quotas da SPE;
- Fiança e Coobrigação dos sócios Pessoa Física e/ou jurídica;
- Fundo de Obras;
- Fundo de Reserva (02 PMTs).",2.0
HABT11,0.00080374410400901,0.0008618280529884339,21A0850418,"- Cessão Fiduciária dos Recebíveis;
- Promessa de Cessão Fiduciária das vendas futuras;
- Alienação Fiduciária das quotas da SPE;
- Fiança e Coobrigação dos sócios PF e PJ do empreendimento;
- Fundo de Reserva;
- Fundo de Obras.",2.0
HABT11,0.0006593294758890884,0.0007069770535784954,21A0775592,"- Cessão Fiduciária dos Recebíveis;
- Promessa de Cessão Fiduciária das vendas futuras;
- Alienação Fiduciária das Quotas da SPE;
- Fiança e Coobrigação dos sócios pessoa física;
- Fundo de Obra;
- Fundo de Reserva (02 PMTs).",2.0
HABT11,0.000533137766199305,0.0005716658831166981,21A0850462,"- Cessão Fiduciária dos Recebíveis;
- Promessa de Cessão Fiduciária das vendas futuras;
- Alienação Fiduciária das Quotas da SPE;
- Fiança e coobrigação dos sócios pessoa jurídica;
- Fundo de Reserva (03 PMTs).",2.0
HABT11,0.00026301048274703884,0.0002820173872888374,21A0850592,"- Cessão Fiduciária de 100% dos recebíveis;
- Alienação Fiduciária de 100% das quotas da cedente;
- Fiança e Coobrigação dos sócios pessoas físicas do Empreendimento;
- Fundo de Reserva (02 PMTs).",2.0
HABT11,0.00020164545034838957,0.00021621770536282576,21A0607856,"- Cessão de 100% dos direitos creditórios de unidades já vendidas;
- Promessa de cessão fiduciária de 100% dos direitos creditórios de vendas futuras;
- Alienação Fiduciária de quotas da SPE;
- AF do Imóvel sobre o qual será desenvolvido o Empreendimento; 
- Coobrigação da Cedente e Aval dos sócios da SPE; 
- Fundo de Despesas no valor de R$100 mil;
- Fundo de Obras.",3.0
HABT11,1.4272630567497368e-10,1.5304066744197945e-10,18A0893102,"- Cessão Fiduciária dos Recebíveis;
- Promessa de Cessão Fiduciária das vendas futuras;
- Alienação Fiduciária das Quotas da SPE;
- Coobrigação da cedente;
- Fiança dos sócios PF e PJ do empreendimento;
- Fundo de Obras;
- Fundo de Reserva (R$ 1,2 MM);
- Fundo de despesas, no valor de R$300 mil;
- Alienação Fiduciária do imóvel do empreendimento.",3.0
HABT11,1.297511869772488e-10,1.391278794927086e-10,18A0893173,"- Cessão Fiduciária dos Recebíveis;
- Promessa de Cessão Fiduciária das vendas futuras;
- Alienação Fiduciária das Quotas da SPE;
- Coobrigação da cedente;
- Fiança dos sócios PF e PJ do empreendimento;
- Fundo de Obras;
- Fundo de Reserva (R$ 1,2 MM);
- Fundo de despesas, no valor de R$300 mil;
- Alienação Fiduciária do imóvel do empreendimento.",3.0
HABT11,6.48755934886244e-11,6.95639397463543e-11,18H0134529,"- Cessão Fiduciária dos Recebíveis;
- Promessa de Cessão Fiduciária das vendas futuras;
- Alienação Fiduciária das Quotas da SPE;
- Coobrigação da cedente;
- Fiança dos sócios PF e PJ do empreendimento;
- Fundo de Obras;
- Fundo de Reserva (R$ 1,2 MM);
- Fundo de despesas, no valor de R$300 mil;
- Alienação Fiduciária do imóvel do empreendimento.",3.0
HABT11,0.0,0.0,18H0135364,"- Cessão Fiduciária dos Recebíveis;
- Promessa de Cessão Fiduciária das vendas futuras;
- Alienação Fiduciária das Quotas da SPE;
- Coobrigação da cedente;
- Fiança dos sócios PF e PJ do empreendimento;
- Fundo de Obras;
- Fundo de Reserva (R$ 1,2 MM);
- Fundo de despesas, no valor de R$300 mil;
- Alienação Fiduciária do imóvel do empreendimento.",3.0
HABT11,0.0,0.0,18H0134527,"- Cessão Fiduciária dos Recebíveis e das vendas futuras;
- Alienação Fiduciária das Quotas da SPE;
- Coobrigação da cedente;
- Aval dos sócios Pessoa Física e/ou jurídica;
- Fundo de Obras (104,45%);
- Fundo de Despesas (R$ 300 mil);
- Fundo de Reserva (R$ 500 mil).",2.0
