Fundo,Ativo,G1,G2,G3,G4,G5,G6,G7,G8,G9,G10,G11,G12
VGIR11,22L1013767,AF,spe,,,,,,,,,,
VGIR11,22E1211649,AF,terreno,spe,CF,,,,,,,,
VGIR11,23K1511855,AF,spe,fianca,,,,,,,,,
VGIR11,24A1828538,AF,imovel,aval,,,,,,,,,
VGIR11,22K1684666,AF,spe,,,,,,,,,,
VGIR11,22D0836679,clean,,,,,,,,,,,
VGIR11,24G1972260,AF,imovel,CF,aval,,,,,,,,
VGIR11,24E1753141,AF,imovel,terreno,CF,aval,,,,,,,
VGIR11,23J1928151,AF,imovel,spe,CF,fianca,,,,,,,
VGIR11,21L0002653,AF,terreno,,,,,,,,,,
VGIR11,23F1688312,AF,terreno,spe,CF,aval,,,,,,,
VGIR11,20J0764341,AF,terreno,,,,,,,,,,
VGIR11,21F1076974,AF,spe,,,,,,,,,,
VGIR11,23D1611321,AF,terreno,spe,CF,aval,fianca,,,,,,
VGIR11,22D0847835,AF,spe,,,,,,,,,,
VGIR11,23L1958573,AF,spe,CF,aval,,,,,,,,
VGIR11,22K1377349,CF,,,,,,,,,,,
VGIR11,21E0608916,AF,terreno,spe,CF,socios,,,,,,,
VGIR11,22E1313665,AF,spe,CF,aval,,,,,,,,
VGIR11,24I1148077,AF,terreno,,,,,,,,,,
VGIR11,23G1265217,AF,terreno,spe,CF,fianca,,,,,,,
VGIR11,21F1076950,AF,spe,,,,,,,,,,
VGIR11,22B0512752,AF,terreno,spe,aval,,,,,,,,
VGIR11,20J0764140,AF,terreno,,,,,,,,,,
VGIR11,22L0179634,AF,terreno,spe,CF,fianca,,,,,,,
VGIR11,22A0788605,AF,spe,,,,,,,,,,
VGIR11,20D0892140,AF,terreno,,,,,,,,,,
VGIR11,22A0883092,cessao fiduciaria,AF,spe,fianca,,,,,,,,
VGIR11,22H1318883,AF,terreno,spe,CF,aval,,,,,,,
VGIR11,22D0847833,AF,spe,,,,,,,,,,
VGIR11,24D3464295,AF,terreno,spe,CF,fianca,,,,,,,
VGIR11,24G1559252,AF,terreno,spe,CF,,,,,,,,
VGIR11,24I1465223,AF,imovel,,,,,,,,,,
VGIR11,22D0634282,AF,terreno,spe,CF,,,,,,,,
VGIR11,23F1689784,AF,terreno,spe,CF,fianca,,,,,,,
VGIR11,22C0927973,AF,terreno,spe,CF,,,,,,,,
VGIR11,24E1730283,AF,imovel,terreno,CF,aval,,,,,,,
VGIR11,22H1319855,AF,imovel,spe,aval,,,,,,,,
VGIR11,24A2692084,CF,,,,,,,,,,,
VGIR11,22J1021044,AF,terreno,spe,CF,fianca,,,,,,,
VGIR11,22J0123615,AF,terreno,spe,aval,,,,,,,,
VGIR11,19B0177968,CF,aval,,,,,,,,,,
VGIR11,21L0729731,AF,imovel,,,,,,,,,,
VGIR11,21L0729728,AF,imovel,,,,,,,,,,
VGIR11,19E0281174,AF,imovel,,,,,,,,,,
VGIR11,23L1958694,AF,spe,CF,aval,,,,,,,,
VGIR11,24E1235616,AF,terreno,,,,,,,,,,
VGIR11,18D0698877,CF,aval,,,,,,,,,,
VGIR11,22J0070436,AF,terreno,spe,aval,,,,,,,,
VGIR11,24H2371352,AF,terreno,,,,,,,,,,
VGIR11,19L0909950,AF,imovel,spe,CF,fianca,,,,,,,
VGIR11,24A2191067,AF,terreno,spe,CF,aval,,,,,,,
MXRF11,24C1526928,aval,cessao fiduciaria,recebiveis/ credito/ direito creditorio,A,AF,,,,,,,
MXRF11,24G1557250,AF,imovel,AF,"cotas de fundo (fip, fii etc.) e acoes",fundo reserva,,,,,,,
MXRF11,23D1515316,AF,imovel,fianca,,,,,,,,,
MXRF11,22C0983841,fundo reserva,fundo reserva,alienacao fiduciaria,"cotas de fundo (fip, fii etc.) e acoes",,,,,,,,
MXRF11,24A2246360,AF,imovel,fundo reserva,fundo reserva,fianca,,,,,,,
MXRF11,24E2453531,cessao fiduciaria,aval,fundo reserva,fundo reserva,alienacao fiduciaria,spe,,,,,,
MXRF11,23H1074707,AF,CF,recebiveis/ credito/ direito creditorio,fianca,,,,,,,,
MXRF11,20B0817201,fundo reserva,fianca,banco,AF,imovel,imovel,,,,,,
MXRF11,24E3191022,AF,imovel,cessao fiduciaria,fundo reserva,,,,,,,,
MXRF11,22L1314899,alienacao fiduciaria,cepac,alienacao fiduciaria,"cotas de fundo (fip, fii etc.) e acoes",alienacao fiduciaria,imovel,,,,,,
MXRF11,21K1073642,AF,imovel,CF,recebiveis/ credito/ direito creditorio,seguro,fundo reserva,fundo reserva,fundo reserva,,,,
MXRF11,21F0568504,cessao fiduciaria,alienacao fiduciaria,imovel,aval,fundo reserva,,,,,,,
MXRF11,21H0975635,alienacao fiduciaria,imovel,fundo reserva,seguro,,,,,,,,
MXRF11,21F0211653,cessao fiduciaria,alienacao fiduciaria,imovel,aval,fundo reserva,fundo reserva,,,,,,
MXRF11,23F2427206,AF,R,cessao fiduciaria,seguro,,,,,,,,
MXRF11,23H1539646,AF,imovel,fundo reserva,fundo reserva,fianca,,,,,,,
MXRF11,23G2239867,AF,"cotas de fundo (fip, fii etc.) e acoes",CF,fundo reserva,seguro,aval,,,,,,
MXRF11,24B1276266,AF,imovel,fundo reserva,fianca,,,,,,,,
MXRF11,21H0697914,cessao fiduciaria,recebiveis/ credito/ direito creditorio,alienacao fiduciaria,imovel,aval,socios,,,,,,
MXRF11,24C1990828,fundo reserva,fundo reserva,,,,,,,,,,
MXRF11,20J0812309,AF,imovel,fundo reserva,,,,,,,,,
MXRF11,24C1998433,alienacao fiduciaria,imovel,alienacao fiduciaria,"cotas de fundo (fip, fii etc.) e acoes",fundo reserva,,,,,,,
MXRF11,20L0653519,alienacao fiduciaria,imovel,seguro,fundo reserva,,,,,,,,
MXRF11,22F0783773,AF,imovel,fianca,,,,,,,,,
MXRF11,23F1241290,fundo reserva,fundo reserva,,,,,,,,,,
MXRF11,22L1173045,aval,,,,,,,,,,,
MXRF11,24C1690314,fianca,alienacao fiduciaria,"cotas de fundo (fip, fii etc.) e acoes",spe,cessao fiduciaria,recebiveis/ credito/ direito creditorio,,,,,,
MXRF11,23K2260145,alienacao fiduciaria,fundo reserva,fundo reserva,,,,,,,,,
MXRF11,24D0480929,alienacao fiduciaria,seguro,fianca,fundo reserva,,,,,,,,
MXRF11,20G0800227,AF,cessao fiduciaria,recebiveis/ credito/ direito creditorio,,,,,,,,,
MXRF11,24B1276268,AF,imovel,fundo reserva,fianca,,,,,,,,
MXRF11,19I0737680,cessao fiduciaria,dividendos,AF,subordinacao,,,,,,,,
MXRF11,23D1175169,AF,imovel,fianca,,,,,,,,,
MXRF11,22F1357736,AF,"cotas de fundo (fip, fii etc.) e acoes",,,,,,,,,,
MXRF11,21G0154352,aval,fianca,AF,spe,CF,recebiveis/ credito/ direito creditorio,,,,,,
MXRF11,20A0982855,cessao fiduciaria,alugueis,AF,imovel,aval,,,,,,,
MXRF11,19L0838765,,,,,,,,,,,,
MXRF11,22F0715946,AF,AF,"cotas de fundo (fip, fii etc.) e acoes",spe,CF,aval,,,,,,
MXRF11,19F0922610,cessao fiduciaria,AF,spe,fundo reserva,,,,,,,,
MXRF11,21L0823062,R,fundo reserva,R,CF,,,,,,,,
MXRF11,21D0429192,cessao fiduciaria,recebiveis/ credito/ direito creditorio,fianca,fundo reserva,,,,,,,,
MXRF11,19L0909950,cessao fiduciaria,alugueis,AF,imovel,aval,,,,,,,
MXRF11,24B1276213,AF,imovel,fundo reserva,fianca,,,,,,,,
MXRF11,19L0917227,cessao fiduciaria,alugueis,AF,imovel,aval,,,,,,,
MXRF11,20K0571487,alienacao fiduciaria,imovel,,,,,,,,,,
MXRF11,24B0013802,AF,imovel,AF,"cotas de fundo (fip, fii etc.) e acoes",fundo reserva,,,,,,,
MXRF11,19I0737681,cessao fiduciaria,dividendos,AF,subordinacao,,,,,,,,
MXRF11,23F1763644,fianca,,,,,,,,,,,
MXRF11,23L2159971,fundo reserva,recebiveis/ credito/ direito creditorio,,,,,,,,,,
MXRF11,22B0309134,alienacao fiduciaria,"cotas de fundo (fip, fii etc.) e acoes",cessao fiduciaria,fianca,,,,,,,,
MXRF11,22J0346032,AF,terreno,CF,recebiveis/ credito/ direito creditorio,AF,"cotas de fundo (fip, fii etc.) e acoes",spe,fundo reserva,fundo reserva,seguro,fianca,aval
MXRF11,20I0777292,alienacao fiduciaria,R,cessao fiduciaria,cessao fiduciaria,fundo reserva,,,,,,,
MXRF11,21K0633996,cessao fiduciaria,aval,,,,,,,,,,
MXRF11,20L0653261,alienacao fiduciaria,,,,,,,,,,,
MXRF11,22D0371507,AF,imovel,fianca,,,,,,,,,
MXRF11,21F0906525,alienacao fiduciaria,imovel,fundo reserva,fianca,,,,,,,,
MXRF11,22J0346038,AF,terreno,CF,recebiveis/ credito/ direito creditorio,AF,"cotas de fundo (fip, fii etc.) e acoes",spe,fundo reserva,fundo reserva,seguro,fianca,aval
MXRF11,20J0667658,alienacao fiduciaria,imovel,cessao fiduciaria,fianca,fundo reserva,fundo reserva,fundo reserva,,,,,
MXRF11,22I1555753,AF,"cotas de fundo (fip, fii etc.) e acoes",CF,recebiveis/ credito/ direito creditorio,AF,imovel,fianca,fundo reserva,,,,
MXRF11,22B0939878,cessao fiduciaria,recebiveis/ credito/ direito creditorio,alienacao fiduciaria,imovel,fianca,fundo reserva,,,,,,
MXRF11,22B0939875,cessao fiduciaria,recebiveis/ credito/ direito creditorio,alienacao fiduciaria,imovel,fianca,fundo reserva,,,,,,
MXRF11,19F0923004,AF,imovel,,,,,,,,,,
MXRF11,19L0906036,AF,fundo reserva,R,,,,,,,,,
MXRF11,22B0084502,AF,imovel,AF,CF,recebiveis/ credito/ direito creditorio,fianca,,,,,,
MXRF11,23C2829802,fianca,,,,,,,,,,,
MXRF11,22B0939864,cessao fiduciaria,recebiveis/ credito/ direito creditorio,alienacao fiduciaria,imovel,fianca,fundo reserva,,,,,,
MXRF11,23C2830001,fianca,,,,,,,,,,,
MXRF11,24F2269311,aval,AF,"cotas de fundo (fip, fii etc.) e acoes",AF,imovel,cessao fiduciaria,,,,,,
MXRF11,24F2269312,aval,AF,"cotas de fundo (fip, fii etc.) e acoes",AF,imovel,cessao fiduciaria,,,,,,
MXRF11,20J0837207,AF,subordinacao,fundo reserva,,,,,,,,,
MXRF11,18L1179520,cessao fiduciaria,AF,imovel,,,,,,,,,
MXRF11,23C2830002,fianca,,,,,,,,,,,
MXRF11,23C2829803,fianca,,,,,,,,,,,
MXRF11,12E0031990,cessao fiduciaria,AF,imovel,fundo reserva,seguro,,,,,,,
MXRF11,20H0695880,alienacao fiduciaria,alienacao fiduciaria,"cotas de fundo (fip, fii etc.) e acoes",spe,cessao fiduciaria,fundo reserva,fundo reserva,,,,,
MXRF11,21B0544455,alienacao fiduciaria,"cotas de fundo (fip, fii etc.) e acoes",,,,,,,,,,
MXRF11,20L0632150,fundo reserva,,,,,,,,,,,
MXRF11,19B0177968,cessao fiduciaria,recebiveis/ credito/ direito creditorio,cessao fiduciaria,aval,,,,,,,,
MXRF11,18D0698877,cessao fiduciaria,recebiveis/ credito/ direito creditorio,cessao fiduciaria,aval,,,,,,,,
MXRF11,19A0698738,alienacao fiduciaria,fundo reserva,fianca,,,,,,,,,
MXRF11,23L2159982,fundo reserva,recebiveis/ credito/ direito creditorio,,,,,,,,,,
MXRF11,20I0718383,alienacao fiduciaria,cessao fiduciaria,recebiveis/ credito/ direito creditorio,cessao fiduciaria,fianca,alienacao fiduciaria,fundo reserva,fundo reserva,,,,
MXRF11,20I0718026,alienacao fiduciaria,cessao fiduciaria,recebiveis/ credito/ direito creditorio,cessao fiduciaria,fianca,alienacao fiduciaria,fundo reserva,fundo reserva,,,,
MXRF11,14K0234407,,,,,,,,,,,,
MXRF11,13L0034539,AF,imovel,seguro,fundo reserva,aval,,,,,,,
MXRF11,11F0042226,cessao fiduciaria,,,,,,,,,,,
MXRF11,15H0698161,AF,AF,terreno,fundo reserva,aval,,,,,,,
RBRY11,CRI Tael,AF,imovel,spe,CF,aval,,,,,,,
RBRY11,CRI Yuny Jardim Paulista Série I,AF,imovel,spe,CF,aval,fianca,,,,,,
RBRY11,CRI MOS Jardins e Pinheiros,AF,terreno,spe,CF,aval,FR,,,,,,
RBRY11,CRI FGR,AF,terreno,spe,CF,aval,FR,,,,,,
RBRY11,CRI JFL Parque da Cidade,AF,imovel,spe,CF,aval,,,,,,,
RBRY11,CRI Patriani,AF,terreno,spe,CF,aval,FR,,,,,,
RBRY11,CRI Lux Vila Nova Conceição,AF,imovel,spe,CF,aval,,,,,,,
RBRY11,CRI Cond. Residencial AA SP,AF,imovel,spe,CF,fianca,FR,,,,,,
RBRY11,CRI Share Butantã,AF,imovel,CF,FR,,,,,,,,
RBRY11,CRI Emergent Cold,AF,imovel,FR,,,,,,,,,
RBRY11,CRI Cabreúva,AF,imovel,,,,,,,,,,
RBRY11,CRI Creditu,AF,imovel,seguro,,,,,,,,,
RBRY11,CRI Moura Dubeux,AF,imovel,CF,FR,aval,,,,,,,
RBRY11,CRI HM Maxi Campinas,AF,imovel,spe,CF,aval,,,,,,,
RBRY11,CRI Carteira MRV III (Série II),FR,seguro,,,,,,,,,,
RBRY11,CRI Pulverizado,AF,imovel,,,,,,,,,,
RBRY11,CRI Conx,AF,imovel,spe,CF,fianca,aval,,,,,,
RBRY11,CRI You,AF,terreno,spe,CF,,,,,,,,
RBRY11,CRI Verticale,AF,imovel,spe,CF,aval,,,,,,,
RBRY11,CRI Yuny II CDI,AF,spe,CF,fianca,aval,,,,,,,
RBRY11,CRI Carteira MRV III (Série I),FR,seguro,,,,,,,,,,
RBRY11,CRI Epson,AF,spe,CF,FR,aval,,,,,,,
RBRY11,CRI Tarjab Altino CDI,AF,imovel,spe,aval,FR,,,,,,,
RBRY11,CRI Pernambuco,AF,imovel,CF,FR,,,,,,,,
RBRY11,CRI Exto,AF,,,,,,,,,,,
RBRY11,CRI Tarjab Lauto,AF,terreno,spe,FR,aval,,,,,,,
RBRY11,CRI Alphaville,AF,imovel,spe,CF,aval,FR,,,,,,
RBRY11,CRI Brookfield JK CDI,AF,imovel,CF,FR,,,,,,,,
RBRY11,CRI Landsol,AF,spe,CF,FR,,,,,,,,
RBRY11,CRI Setin Perdizes,AF,FR,aval,,,,,,,,,
RBRY11,CRI Yuny Jardim Paulista Série II,AF,imovel,spe,CF,fianca,aval,,,,,,
RBRY11,CRI Arqos,AF,spe,CF,fianca,aval,,,,,,,
RBRY11,CRI Carteira MRV V (Série III),AF,imovel,FR,,,,,,,,,
RBRY11,CRI One Perdizes,AF,imovel,spe,CF,fianca,aval,FR,,,,,
RBRY11,CRI Carteira MRV IV (Série II),AF,imovel,FR,,,,,,,,,
RBRY11,CRI Lindenberg,AF,spe,CF,fianca,aval,FR,,,,,,
RBRY11,CRI Tarjab Origem,AF,spe,CF,aval,FR,,,,,,,
RBRY11,CRI Pontte,AF,sobrecolateral,,,,,,,,,,
RBRY11,CRI Mauá 2,AF,sobrecolateral,,,,,,,,,,
RBRY11,CRI Wimo,AF,sobrecolateral,,,,,,,,,,
RBRY11,CRI Yuny,AF,spe,CF,fianca,aval,,,,,,,
RBRY11,CRI Creditas V,AF,,,,,,,,,,,
RBRY11,CRI Tourmalet Mez 1,AF,imovel,CF,recompra,,,,,,,,
KNCR11,19E0322333,AF,CF,FR,,,,,,,,,
KNCR11,22G0282370,AF,AF,"cotas de fundo (fip, fii etc.) e acoes",CF,FR,,,,,,,
KNCR11,22G0282332,AF,AF,"cotas de fundo (fip, fii etc.) e acoes",CF,FR,,,,,,,
KNCR11,22G0282297,AF,AF,"cotas de fundo (fip, fii etc.) e acoes",CF,FR,,,,,,,
KNCR11,19B0176400,AF,CF,FR,,,,,,,,,
KNCR11,22G0282284,AF,AF,"cotas de fundo (fip, fii etc.) e acoes",CF,FR,,,,,,,
KNCR11,23H1250138,AF,AF,"cotas de fundo (fip, fii etc.) e acoes",CF,FR,,,,,,,
KNCR11,17I0141643,AF,CF,,,,,,,,,,
KNCR11,17I0141606,AF,CF,,,,,,,,,,
KNCR11,19L0882476,AF,CF,FR,,,,,,,,,
KNCR11,22G0282145,AF,AF,"cotas de fundo (fip, fii etc.) e acoes",CF,FR,,,,,,,
KNCR11,20A0797060,AF,AF,"cotas de fundo (fip, fii etc.) e acoes",CF,FR,,,,,,,
KNCR11,20J0812325,AF,CF,FR,,,,,,,,,
KNCR11,23J2266232,AF,AF,"cotas de fundo (fip, fii etc.) e acoes",,,,,,,,,
KNCR11,22F1035289,AF,CF,,,,,,,,,,
KNCR11,22F1195743,AF,AF,"cotas de fundo (fip, fii etc.) e acoes",CF,FR,,,,,,,
KNCR11,22F1195716,AF,AF,"cotas de fundo (fip, fii etc.) e acoes",CF,FR,,,,,,,
KNCR11,19F0923004,AF,CF,,,,,,,,,,
KNCR11,22F0658610,AF,CF,FR,,,,,,,,,
KNCR11,22F1195714,AF,AF,"cotas de fundo (fip, fii etc.) e acoes",CF,FR,,,,,,,
KNCR11,22A0118041,AF,CF,FR,,,,,,,,,
KNCR11,23I1740395,AF,AF,"cotas de fundo (fip, fii etc.) e acoes",CF,FR,,,,,,,
KNCR11,24C1475910,AF,CF,FR,,,,,,,,,
KNCR11,19A1316808,AF,CF,FR,,,,,,,,,
KNCR11,24E1127893,AF,CF,FR,,,,,,,,,
KNCR11,24F1645739,AF,CF,,,,,,,,,,
KNCR11,24C1475908,AF,CF,FR,,,,,,,,,
KNCR11,24D3680471,CF,FR,,,,,,,,,,
KNCR11,17F0035000,AF,"cotas de fundo (fip, fii etc.) e acoes",,,,,,,,,,
KNCR11,16C0208472,AF,CF,,,,,,,,,,
KNCR11,24D0007013,FR,,,,,,,,,,,
KNCR11,23F2335074,AF,"cotas de fundo (fip, fii etc.) e acoes",CF,FR,,,,,,,,
KNCR11,24C1886299,AF,AF,"cotas de fundo (fip, fii etc.) e acoes",CF,FR,,,,,,,
KNCR11,15L0736524,AF,CF,,,,,,,,,,
KNCR11,24E1127608,AF,CF,FR,,,,,,,,,
KNCR11,23E2052240,AF,CF,FR,,,,,,,,,
KNCR11,19H0000001,AF,CF,FR,,,,,,,,,
KNCR11,21L0729901,AF,"cotas de fundo (fip, fii etc.) e acoes",CF,FR,,,,,,,,
KNCR11,16E0707976,AF,CF,,,,,,,,,,
KNCR11,21L0848239,AF,"cotas de fundo (fip, fii etc.) e acoes",CF,FR,,,,,,,,
KNCR11,16L0194496,AF,CF,,,,,,,,,,
KNCR11,22I1289815,AF,AF,"cotas de fundo (fip, fii etc.) e acoes",CF,aval,,,,,,,
KNCR11,24A2983450,CF,,,,,,,,,,,
KNCR11,21K1026250,AF,CF,FR,,,,,,,,,
KNCR11,17J0104526,AF,CF,,,,,,,,,,
KNCR11,23C1842756,FR,,,,,,,,,,,
KNCR11,18C0803997,AF,CF,,,,,,,,,,
KNCR11,23C1843793,FR,,,,,,,,,,,
KNCR11,20A0934859,AF,CF,aval,,,,,,,,,
KNCR11,19B0166684,AF,CF,,,,,,,,,,
KNCR11,20B0820360,AF,CF,FR,,,,,,,,,
KNCR11,23I1554258,FR,,,,,,,,,,,
KNCR11,22I1289809,AF,AF,"cotas de fundo (fip, fii etc.) e acoes",CF,aval,,,,,,,
KNCR11,15L0676664,AF,aval,,,,,,,,,,
KNCR11,24C1693601,AF,AF,"cotas de fundo (fip, fii etc.) e acoes",CF,aval,,,,,,,
KNCR11,22I1289814,AF,AF,"cotas de fundo (fip, fii etc.) e acoes",CF,aval,,,,,,,
KNCR11,20B0817042,AF,AF,"cotas de fundo (fip, fii etc.) e acoes",CF,FR,,,,,,,
KNCR11,22I1289810,AF,AF,"cotas de fundo (fip, fii etc.) e acoes",CF,aval,,,,,,,
KNCR11,21C0749579,AF,CF,FR,,,,,,,,,
KNCR11,22I1289811,AF,AF,"cotas de fundo (fip, fii etc.) e acoes",CF,aval,,,,,,,
KNCR11,22I1289813,AF,AF,"cotas de fundo (fip, fii etc.) e acoes",CF,aval,,,,,,,
KNCR11,21L0668560,AF,CF,aval,,,,,,,,,
KNCR11,20J0894745,AF,CF,FR,,,,,,,,,
KNCR11,22I1289808,AF,AF,"cotas de fundo (fip, fii etc.) e acoes",CF,aval,,,,,,,
KNCR11,22I1289816,AF,AF,"cotas de fundo (fip, fii etc.) e acoes",CF,aval,,,,,,,
KNCR11,20I0719702,AF,CF,FR,aval,,,,,,,,
KNCR11,14K0209085,AF,CF,,,,,,,,,,
KNCR11,19L0882449,AF,CF,,,,,,,,,,
RBRR11,CRI Leroy II,AF,imovel,CF,,,,,,,,,
RBRR11,CRI JK Financial Center,AF,imovel,CF,FR,,,,,,,,
RBRR11,CRI Brookfield JK IPCA,AF,imovel,CF,FR,,,,,,,,
RBRR11,CRI Tellus Brigadeiro,CF,alugueis,,,,,,,,,,
RBRR11,CRI GT - Banco do Brasil,AF,imovel,CF,,,,,,,,,
RBRR11,CRI JFL Jardim Faria Lima,CF,fianca,FR,,,,,,,,,
RBRR11,CRI Cabreúva,AF,imovel,,,,,,,,,,
RBRR11,CRI CD Guarulhos,AF,imovel,,,,,,,,,,
RBRR11,CRI Faria Lima Business Center,AF,imovel,CF,,,,,,,,,
RBRR11,CRI Leo Madeiras,AF,imovel,,,,,,,,,,
RBRR11,CRI Pátio Malzoni,AF,imovel,CF,FR,,,,,,,,
RBRR11,CRI Share Pinheiros,AF,imovel,CF,FR,,,,,,,,
RBRR11,CRI BTLG,AF,imovel,CF,,,,,,,,,
RBRR11,CRI GE Barueri,AF,imovel,CF,,,,,,,,,
RBRR11,CRI Union Faria Lima I,AF,imovel,,,,,,,,,,
RBRR11,CRI HLOG,AF,imovel,,,,,,,,,,
RBRR11,CRI Brookfield JK CDI,AF,imovel,CF,FR,,,,,,,,
RBRR11,CRI HDEL,AF,imovel,,,,,,,,,,
RBRR11,CRI Barueri Logístico,AF,imovel,CF,FR,,,,,,,,
RBRR11,CRI Patrifarm,AF,imovel,CF,,,,,,,,,
RBRR11,CRI Creditas II Sênior I,AF,imovel,,,,,,,,,,
RBRR11,CRI Yuca Pinheiros,AF,terreno,spe,CF,aval,FR,,,,,,
RBRR11,CRI Airport Town,AF,imovel,CF,,,,,,,,,
RBRR11,CRI BTLG II,AF,imovel,CF,,,,,,,,,
RBRR11,CRI Viverde Sênior,AF,seguro,,,,,,,,,,
RBRR11,CRI Bem Brasil,fianca,,,,,,,,,,,
RBRR11,CRI BTG Malls,AF,,,,,,,,,,,
RBRR11,CRI JFL,AF,CF,FR,,,,,,,,,
RBRR11,CRI Log IV,,,,,,,,,,,,
RBRR11,CRI MRV III,,,,,,,,,,,,
RBRR11,CRI JSL I,AF,imovel,CF,,,,,,,,,
RBRR11,CRI JSL II,AF,imovel,CF,,,,,,,,,
RBRR11,CRI HBR,AF,imovel,CF,,,,,,,,,
RBRR11,CRI Rede D'or 2,,,,,,,,,,,,
RBRR11,CRI MRV,AF,imovel,,,,,,,,,,
RBRR11,CRI Tecnisa,,,,,,,,,,,,
RBRR11,CRI Le Biscuit,AF,imovel,CF,FR,,,,,,,,
RBRR11,CRI Lindenberg,AF,CF,fianca,FR,,,,,,,,
RBRR11,CRI Creditas,AF,imovel,,,,,,,,,,
RBRR11,CRI BRF,AF,imovel,,,,,,,,,,
CPTR11,CRA021004NU,cessao fiduciaria,,,,,,,,,,,
CPTR11,CRA022009KI,clean,,,,,,,,,,,
CPTR11,CRA0220060P,AF,terras,,,,,,,,,,
CPTR11,CRA02200795,subordinacao,,,,,,,,,,,
CPTR11,CRA0220073O,AF,recebiveis/ credito/ direito creditorio,fianca,,,,,,,,,
CPTR11,CRA02300VST,AF,imovel,recebiveis/ credito/ direito creditorio,aval,,,,,,,,
CPTR11,23J1042731,,,,,,,,,,,,
CPTR11,CRA02300GO1,recebiveis/ credito/ direito creditorio,aval,,,,,,,,,,
CPTR11,CRA02200CT5,recebiveis/ credito/ direito creditorio,aval,,,,,,,,,,
CPTR11,CRA02300Q8I,recebiveis/ credito/ direito creditorio,aval,,,,,,,,,,
CPTR11,CRA02300NM1,subordinacao,recompra,,,,,,,,,,
CPTR11,CRA02300R5T,AF,recebiveis/ credito/ direito creditorio,,,,,,,,,,
CPTR11,CRA022008YH,cessao fiduciaria,fianca,,,,,,,,,,
CPTR11,CRA023005V5,AF,imovel,recebiveis/ credito/ direito creditorio,aval,,,,,,,,
CPTR11,5483424UN1,,,,,,,,,,,,
CPTR11,CRA021004NV,clean,,,,,,,,,,,
CPTR11,CRA02300CI2,AF,recebiveis/ credito/ direito creditorio,aval,,,,,,,,,
CPTR11,CRA02200DKY,recebiveis/ credito/ direito creditorio,aval,,,,,,,,,,
CPTR11,CRA021005QS,AF,terras,penhor,,,,,,,,,
CPTR11,BBGO11,,,,,,,,,,,,
CPTR11,CRA023001JL,AF,recebiveis/ credito/ direito creditorio,aval,,,,,,,,,
CPTR11,CRA021002ST,AF,terras,ativo biologico,,,,,,,,,
CPTR11,CRA023003JX,AF,imovel,recebiveis/ credito/ direito creditorio,aval,,,,,,,,
CPTR11,CRA022006N6,recebiveis/ credito/ direito creditorio,fianca,,,,,,,,,,
CPTR11,CRA021005L0,subordinacao,recebiveis/ credito/ direito creditorio,,,,,,,,,,
CPTR11,CRA021004I5,AF,terreno,,,,,,,,,,
CPTR11,CRA021004I6,AF,terreno,,,,,,,,,,
CPTR11,CRA023006SH,recebiveis/ credito/ direito creditorio,aval,,,,,,,,,,
CPTR11,CRA021005QP,AF,terras,penhor,,,,,,,,,
CPTR11,CRA0220099D,recebiveis/ credito/ direito creditorio,,,,,,,,,,,
CPTR11,CRA021005LP,subordinacao,recebiveis/ credito/ direito creditorio,,,,,,,,,,
CPTR11,22L1258273,AF,,,,,,,,,,,
CPTR11,4571424MZJ,,,,,,,,,,,,
CPTR11,CRA022007KH,clean,,,,,,,,,,,
CPTR11,CRA023000M9,aval,,,,,,,,,,,
CPTR11,4571422SN6,,,,,,,,,,,,
CPTR11,CRA022002MH,aval,,,,,,,,,,,
CPTR11,CRA021004I1,cessao fiduciaria,aval,,,,,,,,,,
CPTR11,CRA021004I4,AF,terreno,,,,,,,,,,
CPTR11,CRA0190020F,,,,,,,,,,,,
CPTR11,22J1107076,AF,aval,,,,,,,,,,
CPTR11,CRA02200B42,AF,recebiveis/ credito/ direito creditorio,fianca,,,,,,,,,
CPTR11,22L1212138,AF,,,,,,,,,,,
CPTR11,CRA021005LQ,AF,,,,,,,,,,,
CPTR11,CRA021002N3,clean,,,,,,,,,,,
CPTR11,CRA0230099D,AF,terras,recebiveis/ credito/ direito creditorio,aval,,,,,,,,
CPTR11,4571422SN7,,,,,,,,,,,,
CPTR11,CRA023003JY,AF,imovel,recebiveis/ credito/ direito creditorio,aval,,,,,,,,
CPTR11,CRA021005KY,subordinacao,recebiveis/ credito/ direito creditorio,,,,,,,,,,
CPTR11,CRA021005KX,subordinacao,recebiveis/ credito/ direito creditorio,,,,,,,,,,
CPTR11,CRA021002YF,,,,,,,,,,,,
CPTR11,CRA021005LP,AF,,,,,,,,,,,
KNCA11,CRA02300QP6,AF,AF,CF,,,,,,,,,
KNCA11,CRA022006BT,AF,terras,benfeitorias,AF,aval,,,,,,,
KNCA11,CRA021005QP,AF,terras,AF,penhor,FR,,,,,,,
KNCA11,CRA021005QS,AF,terras,AF,penhor,FR,,,,,,,
KNCA11,CRA023008HL,AF,terreno,AF,aval,,,,,,,,
KNCA11,CRA022007VM,CF,aval,,,,,,,,,,
KNCA11,CRA022007VK,CF,aval,,,,,,,,,,
KNCA11,CRA022007VL,CF,aval,,,,,,,,,,
KNCA11,CRA02300RMJ,AF,imovel,CF,,,,,,,,,
KNCA11,CRA02300VSO,AF,imovel,aval,,,,,,,,,
KNCA11,CRA023009EX,AF,aval,,,,,,,,,,
KNCA11,CRA0230073L,clean,,,,,,,,,,,
KNCA11,CRA021004I4,AF,terreno,AF,AF,AF,CF,,,,,,
KNCA11,CRA0230012X,aval,,,,,,,,,,,
KNCA11,CRA021004I5,AF,terreno,AF,AF,AF,CF,,,,,,
KNCA11,CRA02300V0Q,CF,AF,imovel,aval,,,,,,,,
KNCA11,CRA021004I3,AF,terreno,AF,AF,AF,CF,,,,,,
KNCA11,CRA021004I6,AF,terreno,AF,AF,AF,CF,,,,,,
KNCA11,CRA02300M81,AF,terreno,AF,AF,CF,aval,,,,,,
KNCA11,CRA02200B42,AF,imovel,FR,aval,,,,,,,,
KNCA11,CRA023001P5,CF,aval,,,,,,,,,,
KNCA11,CRA02300M82,AF,terreno,AF,AF,CF,aval,,,,,,
KNCA11,CRA022007KI,clean,,,,,,,,,,,
KNCA11,CRA0220073P,clean,,,,,,,,,,,
KNCA11,CRA022004H5,clean,,,,,,,,,,,
KNCA11,CRA022007EP,clean,,,,,,,,,,,
KNCA11,CRA0220079D,clean,,,,,,,,,,,
KNCA11,CRA022006BU,clean,,,,,,,,,,,
KNCA11,22E1056953,AF,terras,aval,,,,,,,,,
KNCA11,CRA022008NB,clean,,,,,,,,,,,
KNCA11,CRA021002YB,clean,,,,,,,,,,,
KNCA11,CRA022007KH,aval,,,,,,,,,,,
KNCA11,CRA022000B5,AF,terras,CF,aval,,,,,,,,
KNCA11,CRA02300MOQ,clean,,,,,,,,,,,
KNCA11,CRA021002N3,clean,,,,,,,,,,,
KNCA11,CRA0230073N,clean,,,,,,,,,,,
KNCA11,5ROTT121,clean,,,,,,,,,,,
KNCA11,5104524SN1,subordinacao,aval,,,,,,,,,,
RURA11,,AF,terras,recebiveis/ credito/ direito creditorio,,,,,,,,,
RURA11,,recebiveis/ credito/ direito creditorio,,,,,,,,,,,
RURA11,,AF,terras,,,,,,,,,,
RURA11,,recebiveis/ credito/ direito creditorio,,,,,,,,,,,
RURA11,,AF,terras,,,,,,,,,,
RURA11,,AF,terras,recebiveis/ credito/ direito creditorio,,,,,,,,,
RURA11,,recebiveis/ credito/ direito creditorio,,,,,,,,,,,
RURA11,,AF,terras,,,,,,,,,,
RURA11,,,,,,,,,,,,,
RURA11,,AF,terras,,,,,,,,,,
RURA11,,AF,terras,,,,,,,,,,
RURA11,,AF,terras,recebiveis/ credito/ direito creditorio,,,,,,,,,
RURA11,,AF,terras,,,,,,,,,,
RURA11,,penhor,,,,,,,,,,,
RURA11,,recebiveis/ credito/ direito creditorio,,,,,,,,,,,
RURA11,,subordinacao,,,,,,,,,,,
RURA11,,AF,imovel,recebiveis/ credito/ direito creditorio,,,,,,,,,
RURA11,,AF,terras,,,,,,,,,,
RURA11,,AF,terras,,,,,,,,,,
RURA11,,recebiveis/ credito/ direito creditorio,,,,,,,,,,,
RURA11,,guarantee letter,,,,,,,,,,,
RURA11,,AF,terras,,,,,,,,,,
RURA11,,AF,terras,,,,,,,,,,
RURA11,,recebiveis/ credito/ direito creditorio,,,,,,,,,,,
RURA11,,subordinacao,,,,,,,,,,,
RURA11,,subordinacao,,,,,,,,,,,
RURA11,,subordinacao,,,,,,,,,,,
RURA11,,AF,terras,recebiveis/ credito/ direito creditorio,,,,,,,,,
RURA11,,AF,terras,recebiveis/ credito/ direito creditorio,,,,,,,,,
RURA11,,AF,terras,,,,,,,,,,
RURA11,,subordinacao,,,,,,,,,,,
RURA11,,subordinacao,,,,,,,,,,,
RURA11,,subordinacao,,,,,,,,,,,
RURA11,,recebiveis/ credito/ direito creditorio,,,,,,,,,,,
RURA11,,recebiveis/ credito/ direito creditorio,,,,,,,,,,,
RURA11,,recebiveis/ credito/ direito creditorio,,,,,,,,,,,
RURA11,,subordinacao,,,,,,,,,,,
RURA11,,subordinacao,,,,,,,,,,,
RURA11,,recebiveis/ credito/ direito creditorio,,,,,,,,,,,
RURA11,,subordinacao,,,,,,,,,,,
RURA11,,subordinacao,,,,,,,,,,,
RURA11,,subordinacao,,,,,,,,,,,
RURA11,,AF,terras,,,,,,,,,,
RURA11,,recebiveis/ credito/ direito creditorio,,,,,,,,,,,
RURA11,,recebiveis/ credito/ direito creditorio,,,,,,,,,,,
RURA11,,recebiveis/ credito/ direito creditorio,,,,,,,,,,,
KNSC11,22D1163306,AF,AF,"cotas de fundo (fip, fii etc.) e acoes",CF,aval,,,,,,,
KNSC11,21D0001404,AF,CF,,,,,,,,,,
KNSC11,24E3191694,AF,AF,"cotas de fundo (fip, fii etc.) e acoes",CF,FR,,,,,,,
KNSC11,24E1318751,AF,subordinacao,,,,,,,,,,
KNSC11,24J2539918,aval,,,,,,,,,,,
KNSC11,21E0407330,AF,CF,FR,,,,,,,,,
KNSC11,23L2415875,AF,"cotas de fundo (fip, fii etc.) e acoes",CF,,,,,,,,,
KNSC11,24B1669810,AF,CF,AF,"cotas de fundo (fip, fii etc.) e acoes",FR,,,,,,,
KNSC11,20I0815543,AF,CF,FR,aval,,,,,,,,
KNSC11,21E0407810,CF,FR,,,,,,,,,,
KNSC11,19E0311712,AF,CF,FR,,,,,,,,,
KNSC11,21F0968392,AF,CF,FR,,,,,,,,,
KNSC11,22D1068881,AF,CF,AF,"cotas de fundo (fip, fii etc.) e acoes",FR,,,,,,,
KNSC11,20J0894746,AF,CF,FR,,,,,,,,,
KNSC11,21E0076526,AF,subordinacao,,,,,,,,,,
KNSC11,20K0571487,AF,CF,FR,,,,,,,,,
KNSC11,20F0689770,AF,AF,"cotas de fundo (fip, fii etc.) e acoes",CF,FR,aval,,,,,,
KNSC11,21A0772858,AF,CF,,,,,,,,,,
KNSC11,24J3438785,AF,AF,"cotas de fundo (fip, fii etc.) e acoes",CF,fianca,,,,,,,
KNSC11,24H2231336,AF,CF,FR,,,,,,,,,
KNSC11,23L1773235,AF,AF,"cotas de fundo (fip, fii etc.) e acoes",CF,,,,,,,,
KNSC11,21D0543881,AF,CF,aval,,,,,,,,,
KNSC11,21H0012919,AF,CF,FR,,,,,,,,,
KNSC11,24I2114588,AF,CF,FR,,,,,,,,,
KNSC11,20I0815541,AF,CF,FR,aval,,,,,,,,
KNSC11,21H0001405,CF,,,,,,,,,,,
KNSC11,21F1035597,AF,CF,fianca,,,,,,,,,
KNSC11,21G0186913,AF,AF,"cotas de fundo (fip, fii etc.) e acoes",CF,,,,,,,,
KNSC11,24J2299666,AF,subordinacao,,,,,,,,,,
KNSC11,23L1438568,FR,,,,,,,,,,,
KNSC11,21F1057167,AF,subordinacao,,,,,,,,,,
KNSC11,20L0483122,AF,subordinacao,,,,,,,,,,
KNSC11,21D0543872,AF,CF,aval,,,,,,,,,
KNSC11,21I0280212,AF,subordinacao,,,,,,,,,,
KNSC11,23G1987539,AF,AF,"cotas de fundo (fip, fii etc.) e acoes",CF,FR,aval,,,,,,
KNSC11,20J0837185,AF,subordinacao,,,,,,,,,,
KNSC11,21E0076615,AF,subordinacao,,,,,,,,,,
KNSC11,22G0282305,AF,AF,"cotas de fundo (fip, fii etc.) e acoes",CF,FR,,,,,,,
KNSC11,22G0282285,AF,AF,"cotas de fundo (fip, fii etc.) e acoes",CF,FR,,,,,,,
KNSC11,21D0544319,AF,CF,aval,,,,,,,,,
KNSC11,21F1057194,AF,subordinacao,,,,,,,,,,
KNSC11,22G0282372,AF,AF,"cotas de fundo (fip, fii etc.) e acoes",CF,FR,,,,,,,
KNSC11,20L0483126,AF,subordinacao,,,,,,,,,,
KNSC11,21I0280476,AF,subordinacao,,,,,,,,,,
KNSC11,22D0630029,AF,AF,"cotas de fundo (fip, fii etc.) e acoes",CF,aval,,,,,,,
KNSC11,22C1013173,aval,AF,CF,,,,,,,,,
KNSC11,24B1669805,AF,CF,AF,"cotas de fundo (fip, fii etc.) e acoes",FR,,,,,,,
KNSC11,20J0812325,AF,CF,FR,,,,,,,,,
KNSC11,20J0812343,AF,CF,FR,,,,,,,,,
KNSC11,22E0640948,AF,CF,aval,FR,,,,,,,,
KNSC11,23F1240696,FR,,,,,,,,,,,
KNSC11,22G0282370,AF,AF,"cotas de fundo (fip, fii etc.) e acoes",CF,FR,,,,,,,
KNSC11,24E3617802,FR,aval,,,,,,,,,,
KNSC11,22G0282332,AF,AF,"cotas de fundo (fip, fii etc.) e acoes",CF,FR,,,,,,,
KNSC11,22G0282297,AF,AF,"cotas de fundo (fip, fii etc.) e acoes",CF,FR,,,,,,,
KNSC11,24G2824961,FR,,,,,,,,,,,
KNSC11,24G2819302,FR,,,,,,,,,,,
KNSC11,22G0282284,AF,AF,"cotas de fundo (fip, fii etc.) e acoes",CF,FR,,,,,,,
KNSC11,23I1740395,AF,AF,"cotas de fundo (fip, fii etc.) e acoes",CF,FR,,,,,,,
KNSC11,23H1250138,AF,AF,"cotas de fundo (fip, fii etc.) e acoes",CF,FR,,,,,,,
KNSC11,22F1195743,AF,AF,"cotas de fundo (fip, fii etc.) e acoes",CF,FR,,,,,,,
KNSC11,22F1195716,AF,AF,"cotas de fundo (fip, fii etc.) e acoes",CF,FR,,,,,,,
KNSC11,22G0282145,AF,AF,"cotas de fundo (fip, fii etc.) e acoes",CF,FR,,,,,,,
KNSC11,22G0081374,AF,AF,"cotas de fundo (fip, fii etc.) e acoes",CF,aval,,,,,,,
KNSC11,21D0524654,AF,CF,FR,aval,,,,,,,,
KNSC11,23I1554281,FR,,,,,,,,,,,
KNSC11,23B0808932,AF,CF,fianca,,,,,,,,,
KNSC11,22I1289815,AF,AF,"cotas de fundo (fip, fii etc.) e acoes",CF,aval,,,,,,,
KNSC11,20I0620356,AF,"cotas de fundo (fip, fii etc.) e acoes",,,,,,,,,,
KNSC11,23B0584796,FR,,,,,,,,,,,
KNSC11,22I1289816,AF,AF,"cotas de fundo (fip, fii etc.) e acoes",CF,aval,,,,,,,
KNSC11,23C1221667,AF,CF,FR,aval,,,,,,,,
KNSC11,23B0808931,AF,CF,fianca,,,,,,,,,
KNSC11,23B0808933,AF,CF,fianca,,,,,,,,,
KNSC11,23B0808928,AF,CF,fianca,,,,,,,,,
KNSC11,22G0081402,AF,AF,"cotas de fundo (fip, fii etc.) e acoes",CF,aval,,,,,,,
KNSC11,23B0808930,AF,CF,fianca,,,,,,,,,
KNSC11,23B0808926,AF,CF,fianca,,,,,,,,,
KNSC11,22G0082919,AF,AF,"cotas de fundo (fip, fii etc.) e acoes",CF,aval,,,,,,,
KNSC11,22G0079365,AF,AF,"cotas de fundo (fip, fii etc.) e acoes",CF,aval,,,,,,,
KNSC11,21D0524613,AF,CF,FR,aval,,,,,,,,
KNSC11,IDGR11,,,,,,,,,,,,
KNSC11,ERCR11,,,,,,,,,,,,
BODB11,CJEN13,alienacao fiduciaria,spe,cessao fiduciaria,recebiveis/ credito/ direito creditorio,contas vinculadas,,,,,,,
BODB11,RGRA11,alienacao fiduciaria,spe,cessao fiduciaria,recebiveis/ credito/ direito creditorio,contas vinculadas,,,,,,,
BODB11,HVSP11,alienacao fiduciaria,alienacao fiduciaria,cessao fiduciaria,recebiveis/ credito/ direito creditorio,contas vinculadas,,,,,,,
BODB11,CPTM15,cessao fiduciaria,recebiveis/ credito/ direito creditorio,,,,,,,,,,
BODB11,RAHD11,fianca,fianca,alienacao fiduciaria,recebiveis/ credito/ direito creditorio,alienacao fiduciaria,,,,,,,
BODB11,ENAT11,fianca,alienacao fiduciaria,penhor,cessao fiduciaria,contas vinculadas,,,,,,,
BODB11,HARG11,alienacao fiduciaria,cessao fiduciaria,recebiveis/ credito/ direito creditorio,contas vinculadas,,,,,,,,
BODB11,BRKP28,,,,,,,,,,,,
BODB11,SGAB11,alienacao fiduciaria,cessao fiduciaria,,,,,,,,,,
BODB11,MEZP11,alienacao fiduciaria,cessao fiduciaria,fianca,,,,,,,,,
BODB11,ASER12,alienacao fiduciaria,cessao fiduciaria,recebiveis/ credito/ direito creditorio,contas vinculadas,,,,,,,,
BODB11,CLTM14,alienacao fiduciaria,cessao fiduciaria,recebiveis/ credito/ direito creditorio,contas vinculadas,,,,,,,,
BODB11,BION16,fianca,,,,,,,,,,,
BODB11,ENAT33,fianca,alienacao fiduciaria,penhor,cessao fiduciaria,contas vinculadas,,,,,,,
BODB11,IRJS15,alienacao fiduciaria,cessao fiduciaria,recebiveis/ credito/ direito creditorio,contas vinculadas,,,,,,,,
BODB11,CONX12,cessao fiduciaria,recebiveis/ credito/ direito creditorio,R,,,,,,,,,
BODB11,TEPA12,cessao fiduciaria,alienacao fiduciaria,fianca,,,,,,,,,
BODB11,ÓRIGO,alienacao fiduciaria,alienacao fiduciaria,alienacao fiduciaria,cessao fiduciaria,,,,,,,,
BODB11,ORIG21,CF,dividendos,AF,CF,,,,,,,,
BODB11,ALMC12,fianca,,,,,,,,,,,
BODB11,CTTP11,alienacao fiduciaria,cessao fiduciaria,recebiveis/ credito/ direito creditorio,contas vinculadas,,,,,,,,
BODB11,SAPS11,cessao fiduciaria,cessao fiduciaria,aval,,,,,,,,,
KNUQ11,24G2824961,FR,,,,,,,,,,,
KNUQ11,24F1345887,CF,FR,,,,,,,,,,
KNUQ11,23K2261339,AF,"cotas de fundo (fip, fii etc.) e acoes",AF,CF,aval,,,,,,,
KNUQ11,23L1438691,FR,,,,,,,,,,,
KNUQ11,24D0007010,CF,FR,aval,,,,,,,,,
KNUQ11,23J0019001,FR,AF,aval,,,,,,,,,
KNUQ11,23I1554281,FR,,,,,,,,,,,
KNUQ11,23I1554068,FR,,,,,,,,,,,
KNUQ11,24D3314714,AF,AF,"cotas de fundo (fip, fii etc.) e acoes",CF,,,,,,,,
KNUQ11,23H1744677,AF,CF,AF,"cotas de fundo (fip, fii etc.) e acoes",fianca,,,,,,,
KNUQ11,24I1966999,AF,AF,"cotas de fundo (fip, fii etc.) e acoes",CF,aval,,,,,,,
KNUQ11,23G1696052,AF,CF,aval,,,,,,,,,
KNUQ11,24E3617802,FR,aval,,,,,,,,,,
KNUQ11,24D3470150,CF,FR,aval,,,,,,,,,
KNUQ11,24J2302240,AF,AF,"cotas de fundo (fip, fii etc.) e acoes",CF,aval,,,,,,,
KNUQ11,23K2263743,AF,"cotas de fundo (fip, fii etc.) e acoes",AF,CF,aval,,,,,,,
KNUQ11,23I1698252,AF,"cotas de fundo (fip, fii etc.) e acoes",CF,hipoteca,aval,,,,,,,
KNUQ11,23I1740443,AF,AF,"cotas de fundo (fip, fii etc.) e acoes",CF,FR,aval,,,,,,
KNUQ11,23I1740477,AF,AF,"cotas de fundo (fip, fii etc.) e acoes",CF,FR,aval,,,,,,
KNUQ11,24A2722073,AF,AF,"cotas de fundo (fip, fii etc.) e acoes",CF,aval,,,,,,,
KNUQ11,23H1297146,CF,,,,,,,,,,,
KNUQ11,23L2755396,AF,AF,"cotas de fundo (fip, fii etc.) e acoes",CF,aval,,,,,,,
KNUQ11,23H1297148,CF,,,,,,,,,,,
KNUQ11,22G0079318,AF,AF,"cotas de fundo (fip, fii etc.) e acoes",CF,aval,,,,,,,
KNUQ11,22G0079354,AF,AF,"cotas de fundo (fip, fii etc.) e acoes",CF,aval,,,,,,,
KNUQ11,23I1740417,AF,AF,"cotas de fundo (fip, fii etc.) e acoes",CF,FR,aval,,,,,,
KNUQ11,22G0082985,AF,AF,"cotas de fundo (fip, fii etc.) e acoes",CF,aval,,,,,,,
KNUQ11,23L2859177,AF,CF,AF,"cotas de fundo (fip, fii etc.) e acoes",aval,,,,,,,
KNUQ11,24J2301950,AF,AF,"cotas de fundo (fip, fii etc.) e acoes",CF,aval,,,,,,,
KNUQ11,22G0082919,AF,AF,"cotas de fundo (fip, fii etc.) e acoes",CF,aval,,,,,,,
KNUQ11,21C0663319,AF,CF,FR,aval,,,,,,,,
KNUQ11,22G0082910,AF,AF,"cotas de fundo (fip, fii etc.) e acoes",CF,aval,,,,,,,
KNUQ11,22G0082657,AF,AF,"cotas de fundo (fip, fii etc.) e acoes",CF,aval,,,,,,,
KNUQ11,22G0082877,AF,AF,"cotas de fundo (fip, fii etc.) e acoes",CF,aval,,,,,,,
KNUQ11,23K2261105,AF,"cotas de fundo (fip, fii etc.) e acoes",AF,CF,aval,,,,,,,
KNUQ11,24A2477894,AF,AF,"cotas de fundo (fip, fii etc.) e acoes",CF,aval,,,,,,,
KNUQ11,22G0082982,AF,AF,"cotas de fundo (fip, fii etc.) e acoes",CF,aval,,,,,,,
KNUQ11,22G0082980,AF,AF,"cotas de fundo (fip, fii etc.) e acoes",CF,aval,,,,,,,
KNUQ11,22G0082971,AF,AF,"cotas de fundo (fip, fii etc.) e acoes",CF,aval,,,,,,,
KNUQ11,22L1035737,AF,CF,FR,aval,,,,,,,,
KNUQ11,23H1297145,CF,,,,,,,,,,,
KNUQ11,24A2477852,AF,AF,"cotas de fundo (fip, fii etc.) e acoes",CF,aval,,,,,,,
KNUQ11,23H1297147,CF,,,,,,,,,,,
KNUQ11,23K2262998,AF,"cotas de fundo (fip, fii etc.) e acoes",AF,CF,aval,,,,,,,
KNUQ11,24D3470125,CF,FR,aval,,,,,,,,,
KNUQ11,23L2859178,AF,CF,AF,"cotas de fundo (fip, fii etc.) e acoes",aval,,,,,,,
KNUQ11,23I1740478,AF,AF,"cotas de fundo (fip, fii etc.) e acoes",CF,FR,aval,,,,,,
KNUQ11,23H1297201,CF,,,,,,,,,,,
HABT11,23J2094862,cessao fiduciaria,recebiveis/ credito/ direito creditorio,alienacao fiduciaria,spe,alienacao fiduciaria,A,AF,aval,socios,fundo reserva,fundo reserva,
HABT11,24C1690313,cessao fiduciaria,recebiveis/ credito/ direito creditorio,alienacao fiduciaria,fianca,fundo reserva,,,,,,,
HABT11,20L0871093,cessao fiduciaria,recebiveis/ credito/ direito creditorio,alienacao fiduciaria,spe,fianca,fundo reserva,fundo reserva,,,,,
HABT11,24G1768866,CF,AF,"cotas de fundo (fip, fii etc.) e acoes",spe,AF,imovel,fundo reserva,fundo reserva,,,,
HABT11,23G1149789,cessao fiduciaria,cessao fiduciaria,alienacao fiduciaria,"cotas de fundo (fip, fii etc.) e acoes",spe,AF,aval,socios,spe,fundo reserva,R,fundo reserva
HABT11,24D3462826,cessao fiduciaria,recebiveis/ credito/ direito creditorio,cessao fiduciaria,alienacao fiduciaria,spe,fianca,fundo reserva,fundo reserva,,,,
HABT11,23G1149794,cessao fiduciaria,recebiveis/ credito/ direito creditorio,alienacao fiduciaria,fianca,fundo reserva,,,,,,,
HABT11,21J0989932,cessao fiduciaria,cessao fiduciaria,recebiveis/ credito/ direito creditorio,alienacao fiduciaria,terreno,fundo reserva,R,,,,,
HABT11,21B0566153,cessao fiduciaria,recebiveis/ credito/ direito creditorio,cessao fiduciaria,alienacao fiduciaria,imovel,fianca,fundo reserva,fundo reserva,,,,
HABT11,19K1139240,cessao fiduciaria,recebiveis/ credito/ direito creditorio,cessao fiduciaria,alienacao fiduciaria,fianca,fundo reserva,,,,,,
HABT11,22A0423267,cessao fiduciaria,recebiveis/ credito/ direito creditorio,cessao fiduciaria,alienacao fiduciaria,spe,fianca,fundo reserva,fundo reserva,,,,
HABT11,23B0790147,cessao fiduciaria,recebiveis/ credito/ direito creditorio,cessao fiduciaria,fianca,alienacao fiduciaria,spe,fundo reserva,fundo reserva,,,,
HABT11,20H0050614,cessao fiduciaria,cessao fiduciaria,recebiveis/ credito/ direito creditorio,alienacao fiduciaria,terreno,fundo reserva,R,,,,,
HABT11,22B0653652,cessao fiduciaria,alienacao fiduciaria,aval,fundo reserva,R,fundo reserva,fundo reserva,R,,,,
HABT11,21I0802801,cessao fiduciaria,recebiveis/ credito/ direito creditorio,cessao fiduciaria,alienacao fiduciaria,imovel,fianca,fundo reserva,fundo reserva,,,,
HABT11,24D3410758,cessao fiduciaria,cessao fiduciaria,alienacao fiduciaria,"cotas de fundo (fip, fii etc.) e acoes",spe,AF,aval,socios,spe,fundo reserva,R,fundo reserva
HABT11,21I0600458,hipoteca,terreno,cessao fiduciaria,alienacao fiduciaria,aval,fundo reserva,fundo reserva,R,,,,
HABT11,24C1998253,cessao fiduciaria,recebiveis/ credito/ direito creditorio,cessao fiduciaria,alienacao fiduciaria,spe,fianca,fundo reserva,fundo reserva,fundo reserva,R,,
HABT11,20H0620360,cessao fiduciaria,recebiveis/ credito/ direito creditorio,aval,fundo reserva,,,,,,,,
HABT11,21H1035398,alienacao fiduciaria,fundo reserva,,,,,,,,,,
HABT11,21E0379796,cessao fiduciaria,recebiveis/ credito/ direito creditorio,cessao fiduciaria,alienacao fiduciaria,spe,fianca,fundo reserva,,,,,
HABT11,20H0051749,cessao fiduciaria,recebiveis/ credito/ direito creditorio,cessao fiduciaria,alienacao fiduciaria,spe,fianca,fundo reserva,fundo reserva,,,,
HABT11,21J1001700,cessao fiduciaria,cessao fiduciaria,recebiveis/ credito/ direito creditorio,alienacao fiduciaria,terreno,fundo reserva,R,,,,,
HABT11,21J1001701,cessao fiduciaria,recebiveis/ credito/ direito creditorio,cessao fiduciaria,alienacao fiduciaria,spe,fianca,fundo reserva,fundo reserva,,,,
HABT11,21G0733018,cessao fiduciaria,recebiveis/ credito/ direito creditorio,cessao fiduciaria,alienacao fiduciaria,"cotas de fundo (fip, fii etc.) e acoes",fianca,fundo reserva,fundo reserva,R,,,
HABT11,24F1185811,cessao fiduciaria,recebiveis/ credito/ direito creditorio,alienacao fiduciaria,alienacao fiduciaria,imovel,fundo reserva,,,,,,
HABT11,24F2316395,CF,recebiveis/ credito/ direito creditorio,AF,spe,AF,imovel,aval,fundo reserva,fundo reserva,,,
HABT11,24F2316349,CF,recebiveis/ credito/ direito creditorio,AF,spe,AF,imovel,aval,fundo reserva,fundo reserva,,,
HABT11,20H0051754,cessao fiduciaria,recebiveis/ credito/ direito creditorio,cessao fiduciaria,alienacao fiduciaria,spe,fianca,fundo reserva,fundo reserva,,,,
HABT11,21J0300224,cessao fiduciaria,recebiveis/ credito/ direito creditorio,alienacao fiduciaria,spe,alienacao fiduciaria,imovel,fundo reserva,fundo reserva,,,,
HABT11,21B0564516,cessao fiduciaria,cessao fiduciaria,alienacao fiduciaria,"cotas de fundo (fip, fii etc.) e acoes",spe,AF,aval,socios,spe,fundo reserva,R,fundo reserva
HABT11,21L0967451,cessao fiduciaria,recebiveis/ credito/ direito creditorio,cessao fiduciaria,fianca,alienacao fiduciaria,spe,fundo reserva,fundo reserva,,,,
HABT11,21J0649503,cessao fiduciaria,recebiveis/ credito/ direito creditorio,aval,fundo reserva,,,,,,,,
HABT11,21L0967725,cessao fiduciaria,recebiveis/ credito/ direito creditorio,cessao fiduciaria,fianca,alienacao fiduciaria,spe,fundo reserva,fundo reserva,,,,
HABT11,21F1037235,cessao fiduciaria,recebiveis/ credito/ direito creditorio,alienacao fiduciaria,spe,alienacao fiduciaria,imovel,fundo reserva,fundo reserva,,,,
HABT11,22B0652228,alienacao fiduciaria,fundo reserva,,,,,,,,,,
HABT11,20L0871063,cessao fiduciaria,recebiveis/ credito/ direito creditorio,cessao fiduciaria,alienacao fiduciaria,spe,fianca,fundo reserva,fundo reserva,,,,
HABT11,21A0608474,cessao fiduciaria,cessao fiduciaria,alienacao fiduciaria,"cotas de fundo (fip, fii etc.) e acoes",spe,AF,aval,socios,spe,fundo reserva,R,fundo reserva
HABT11,21K0522538,cessao fiduciaria,recebiveis/ credito/ direito creditorio,cessao fiduciaria,alienacao fiduciaria,spe,fianca,fundo reserva,fundo reserva,,,,
HABT11,22B0653348,cessao fiduciaria,recebiveis/ credito/ direito creditorio,alienacao fiduciaria,spe,aval,fundo reserva,fundo reserva,,,,,
HABT11,22B0653645,cessao fiduciaria,recebiveis/ credito/ direito creditorio,cessao fiduciaria,fianca,fundo reserva,fundo reserva,,,,,,
HABT11,20H0050651,cessao fiduciaria,recebiveis/ credito/ direito creditorio,cessao fiduciaria,alienacao fiduciaria,spe,fianca,fundo reserva,fundo reserva,,,,
HABT11,22I0149798,cessao fiduciaria,recebiveis/ credito/ direito creditorio,cessao fiduciaria,alienacao fiduciaria,spe,fianca,fundo reserva,fundo reserva,fundo reserva,R,,
HABT11,22B0653493,cessao fiduciaria,AF,"cotas de fundo (fip, fii etc.) e acoes",spe,fianca,fundo reserva,fundo reserva,,,,,
HABT11,21A0607979,cessao fiduciaria,cessao fiduciaria,alienacao fiduciaria,"cotas de fundo (fip, fii etc.) e acoes",spe,AF,aval,socios,spe,fundo reserva,R,fundo reserva
HABT11,22B0653675,cessao fiduciaria,recebiveis/ credito/ direito creditorio,cessao fiduciaria,fianca,fundo reserva,fundo reserva,,,,,,
HABT11,22B0653681,cessao fiduciaria,recebiveis/ credito/ direito creditorio,cessao fiduciaria,alienacao fiduciaria,aval,socios,fundo reserva,,,,,
HABT11,21L0967727,cessao fiduciaria,recebiveis/ credito/ direito creditorio,cessao fiduciaria,alienacao fiduciaria,spe,fundo reserva,,,,,,
HABT11,22B0653656,cessao fiduciaria,recebiveis/ credito/ direito creditorio,alienacao fiduciaria,spe,alienacao fiduciaria,A,AF,aval,socios,fundo reserva,fundo reserva,
HABT11,22D1286980,cessao fiduciaria,recebiveis/ credito/ direito creditorio,cessao fiduciaria,alienacao fiduciaria,imovel,fianca,fundo reserva,fundo reserva,,,,
HABT11,22I0149823,cessao fiduciaria,recebiveis/ credito/ direito creditorio,alienacao fiduciaria,spe,fianca,fundo reserva,fundo reserva,,,,,
HABT11,22I0149814,cessao fiduciaria,recebiveis/ credito/ direito creditorio,cessao fiduciaria,alienacao fiduciaria,spe,fianca,fundo reserva,fundo reserva,fundo reserva,R,,
HABT11,21D0864263,cessao fiduciaria,recebiveis/ credito/ direito creditorio,cessao fiduciaria,cessao fiduciaria,alienacao fiduciaria,fianca,fundo reserva,,,,,
HABT11,21G0733026,cessao fiduciaria,recebiveis/ credito/ direito creditorio,cessao fiduciaria,alienacao fiduciaria,"cotas de fundo (fip, fii etc.) e acoes",fianca,fundo reserva,fundo reserva,R,,,
HABT11,22I0149811,cessao fiduciaria,recebiveis/ credito/ direito creditorio,cessao fiduciaria,alienacao fiduciaria,spe,fianca,fundo reserva,fundo reserva,fundo reserva,R,,
HABT11,21L0967718,cessao fiduciaria,recebiveis/ credito/ direito creditorio,cessao fiduciaria,fianca,alienacao fiduciaria,spe,fundo reserva,fundo reserva,,,,
HABT11,21I0940475,hipoteca,terreno,cessao fiduciaria,alienacao fiduciaria,aval,fundo reserva,fundo reserva,R,,,,
HABT11,21F1151103,cessao fiduciaria,recebiveis/ credito/ direito creditorio,cessao fiduciaria,alienacao fiduciaria,spe,fianca,fundo reserva,fundo reserva,,,,
HABT11,22B0653556,cessao fiduciaria,recebiveis/ credito/ direito creditorio,alienacao fiduciaria,spe,alienacao fiduciaria,A,AF,aval,socios,fundo reserva,fundo reserva,
HABT11,21L0967724,cessao fiduciaria,recebiveis/ credito/ direito creditorio,cessao fiduciaria,fianca,alienacao fiduciaria,spe,fundo reserva,fundo reserva,,,,
HABT11,22I0149863,CF,recebiveis/ credito/ direito creditorio,AF,spe,fianca,fundo reserva,fundo reserva,fundo reserva,,,,
HABT11,22B0653678,cessao fiduciaria,recebiveis/ credito/ direito creditorio,alienacao fiduciaria,spe,alienacao fiduciaria,A,AF,aval,socios,fundo reserva,fundo reserva,
HABT11,21D0864264,cessao fiduciaria,recebiveis/ credito/ direito creditorio,cessao fiduciaria,alienacao fiduciaria,spe,fianca,fundo reserva,fundo reserva,,,,
HABT11,20L0871069,cessao fiduciaria,recebiveis/ credito/ direito creditorio,cessao fiduciaria,alienacao fiduciaria,spe,fianca,fundo reserva,fundo reserva,,,,
HABT11,23H1074707,cessao fiduciaria,recebiveis/ credito/ direito creditorio,cessao fiduciaria,alienacao fiduciaria,"cotas de fundo (fip, fii etc.) e acoes",fianca,fundo reserva,,,,,
HABT11,20L0871068,cessao fiduciaria,recebiveis/ credito/ direito creditorio,cessao fiduciaria,alienacao fiduciaria,spe,alienacao fiduciaria,imovel,aval,fundo reserva,fundo reserva,,
HABT11,22B0084502,fianca,alienacao fiduciaria,imovel,alienacao fiduciaria,"cotas de fundo (fip, fii etc.) e acoes",cessao fiduciaria,,,,,,
HABT11,21I0802805,cessao fiduciaria,recebiveis/ credito/ direito creditorio,cessao fiduciaria,alienacao fiduciaria,spe,fianca,fundo reserva,fundo reserva,fundo reserva,R,,
HABT11,21A0608487,cessao fiduciaria,cessao fiduciaria,alienacao fiduciaria,"cotas de fundo (fip, fii etc.) e acoes",spe,AF,aval,socios,spe,fundo reserva,R,fundo reserva
HABT11,20L0871064,cessao fiduciaria,recebiveis/ credito/ direito creditorio,cessao fiduciaria,alienacao fiduciaria,fianca,socios,fundo reserva,,,,,
HABT11,20L0871066,cessao fiduciaria,recebiveis/ credito/ direito creditorio,cessao fiduciaria,alienacao fiduciaria,spe,alienacao fiduciaria,imovel,aval,fundo reserva,fundo reserva,,
HABT11,22D1286982,cessao fiduciaria,recebiveis/ credito/ direito creditorio,cessao fiduciaria,alienacao fiduciaria,imovel,fianca,fundo reserva,fundo reserva,,,,
HABT11,22D1286981,cessao fiduciaria,recebiveis/ credito/ direito creditorio,cessao fiduciaria,alienacao fiduciaria,imovel,fianca,fundo reserva,fundo reserva,,,,
HABT11,21C0710827,cessao fiduciaria,recebiveis/ credito/ direito creditorio,cessao fiduciaria,alienacao fiduciaria,spe,fianca,fundo reserva,fundo reserva,fundo reserva,R,,
HABT11,21D0864252,cessao fiduciaria,recebiveis/ credito/ direito creditorio,alienacao fiduciaria,spe,alienacao fiduciaria,A,AF,aval,socios,fundo reserva,fundo reserva,
HABT11,21D0864254,cessao fiduciaria,recebiveis/ credito/ direito creditorio,alienacao fiduciaria,spe,alienacao fiduciaria,A,AF,aval,socios,fundo reserva,fundo reserva,
HABT11,22D1286983,cessao fiduciaria,recebiveis/ credito/ direito creditorio,cessao fiduciaria,alienacao fiduciaria,imovel,fianca,fundo reserva,fundo reserva,,,,
HABT11,21L0729728,cessao fiduciaria,recebiveis/ credito/ direito creditorio,cessao fiduciaria,alienacao fiduciaria,spe,fianca,fundo reserva,fundo reserva,fundo reserva,R,alienacao fiduciaria,imovel
HABT11,21B0591503,cessao fiduciaria,cessao fiduciaria,alienacao fiduciaria,"cotas de fundo (fip, fii etc.) e acoes",spe,AF,aval,socios,spe,fundo reserva,R,fundo reserva
HABT11,18E0844461,cessao fiduciaria,recebiveis/ credito/ direito creditorio,cessao fiduciaria,alienacao fiduciaria,spe,fianca,fundo reserva,fundo reserva,,,,
HABT11,21B0000204,cessao fiduciaria,recebiveis/ credito/ direito creditorio,cessao fiduciaria,alienacao fiduciaria,spe,fianca,fundo reserva,fundo reserva,,,,
HABT11,22D1286984,cessao fiduciaria,recebiveis/ credito/ direito creditorio,cessao fiduciaria,alienacao fiduciaria,imovel,fianca,fundo reserva,fundo reserva,,,,
HABT11,21C0710497,cessao fiduciaria,recebiveis/ credito/ direito creditorio,cessao fiduciaria,alienacao fiduciaria,spe,fianca,fundo reserva,fundo reserva,,,,
HABT11,18E0852030,cessao fiduciaria,recebiveis/ credito/ direito creditorio,cessao fiduciaria,alienacao fiduciaria,spe,fianca,fundo reserva,fundo reserva,,,,
HABT11,21A0850298,cessao fiduciaria,recebiveis/ credito/ direito creditorio,cessao fiduciaria,alienacao fiduciaria,spe,fianca,fundo reserva,fundo reserva,,,,
HABT11,21A0775722,cessao fiduciaria,recebiveis/ credito/ direito creditorio,alienacao fiduciaria,fundo reserva,fianca,socios,,,,,,
HABT11,21A0850574,cessao fiduciaria,recebiveis/ credito/ direito creditorio,cessao fiduciaria,alienacao fiduciaria,spe,fianca,fundo reserva,fundo reserva,,,,
HABT11,21D0864265,cessao fiduciaria,recebiveis/ credito/ direito creditorio,cessao fiduciaria,alienacao fiduciaria,spe,fianca,fundo reserva,fundo reserva,,,,
HABT11,21A0607963,cessao fiduciaria,cessao fiduciaria,alienacao fiduciaria,"cotas de fundo (fip, fii etc.) e acoes",spe,AF,aval,socios,spe,fundo reserva,R,fundo reserva
HABT11,21A0869388,cessao fiduciaria,recebiveis/ credito/ direito creditorio,alienacao fiduciaria,spe,fianca,fundo reserva,fundo reserva,,,,,
HABT11,21J0650047,cessao fiduciaria,alienacao fiduciaria,imovel,fundo reserva,R,fundo reserva,,,,,,
HABT11,21L0050460,cessao fiduciaria,recebiveis/ credito/ direito creditorio,alienacao fiduciaria,fundo reserva,fianca,,,,,,,
HABT11,21H0284007,cessao fiduciaria,recebiveis/ credito/ direito creditorio,cessao fiduciaria,alienacao fiduciaria,spe,fianca,fundo reserva,fundo reserva,,,,
HABT11,21J0302094,cessao fiduciaria,recebiveis/ credito/ direito creditorio,cessao fiduciaria,alienacao fiduciaria,spe,fianca,fundo reserva,fundo reserva,,,,
HABT11,21A0859444,cessao fiduciaria,recebiveis/ credito/ direito creditorio,alienacao fiduciaria,spe,fianca,fundo reserva,fundo reserva,,,,,
HABT11,21A0826515,cessao fiduciaria,recebiveis/ credito/ direito creditorio,alienacao fiduciaria,spe,fianca,fundo reserva,fundo reserva,,,,,
HABT11,21J0300975,cessao fiduciaria,recebiveis/ credito/ direito creditorio,alienacao fiduciaria,spe,alienacao fiduciaria,imovel,fundo reserva,fundo reserva,,,,
HABT11,21D0864253,cessao fiduciaria,recebiveis/ credito/ direito creditorio,alienacao fiduciaria,spe,alienacao fiduciaria,A,AF,aval,socios,fundo reserva,fundo reserva,
HABT11,21A0775566,cessao fiduciaria,recebiveis/ credito/ direito creditorio,cessao fiduciaria,alienacao fiduciaria,spe,fianca,fundo reserva,fundo reserva,,,,
HABT11,19D1329258,cessao fiduciaria,recebiveis/ credito/ direito creditorio,cessao fiduciaria,alienacao fiduciaria,spe,fianca,fundo reserva,fundo reserva,,,,
HABT11,21L0729731,cessao fiduciaria,recebiveis/ credito/ direito creditorio,cessao fiduciaria,alienacao fiduciaria,spe,fianca,fundo reserva,fundo reserva,fundo reserva,R,alienacao fiduciaria,imovel
HABT11,22I0149864,cessao fiduciaria,recebiveis/ credito/ direito creditorio,cessao fiduciaria,alienacao fiduciaria,spe,fianca,fundo reserva,fundo reserva,fundo reserva,R,,
HABT11,18E0852434,cessao fiduciaria,recebiveis/ credito/ direito creditorio,cessao fiduciaria,alienacao fiduciaria,spe,fianca,fundo reserva,fundo reserva,,,,
HABT11,21A0607952,cessao fiduciaria,cessao fiduciaria,alienacao fiduciaria,"cotas de fundo (fip, fii etc.) e acoes",spe,AF,aval,socios,spe,fundo reserva,R,fundo reserva
HABT11,21K0522795,cessao fiduciaria,recebiveis/ credito/ direito creditorio,alienacao fiduciaria,spe,aval,fundo reserva,fundo reserva,fundo reserva,,,,
HABT11,21A0850275,cessao fiduciaria,recebiveis/ credito/ direito creditorio,cessao fiduciaria,alienacao fiduciaria,spe,fianca,fundo reserva,fundo reserva,,,,
HABT11,21A0850418,cessao fiduciaria,recebiveis/ credito/ direito creditorio,cessao fiduciaria,alienacao fiduciaria,spe,fianca,fundo reserva,fundo reserva,,,,
HABT11,21A0775592,cessao fiduciaria,recebiveis/ credito/ direito creditorio,cessao fiduciaria,alienacao fiduciaria,spe,fianca,fundo reserva,fundo reserva,,,,
HABT11,21A0850462,cessao fiduciaria,recebiveis/ credito/ direito creditorio,cessao fiduciaria,alienacao fiduciaria,spe,fianca,fundo reserva,,,,,
HABT11,21A0850592,cessao fiduciaria,recebiveis/ credito/ direito creditorio,alienacao fiduciaria,fianca,fundo reserva,,,,,,,
HABT11,21A0607856,cessao fiduciaria,cessao fiduciaria,alienacao fiduciaria,"cotas de fundo (fip, fii etc.) e acoes",spe,AF,aval,socios,spe,fundo reserva,R,fundo reserva
HABT11,18A0893102,cessao fiduciaria,recebiveis/ credito/ direito creditorio,cessao fiduciaria,alienacao fiduciaria,spe,fianca,fundo reserva,fundo reserva,fundo reserva,R,alienacao fiduciaria,imovel
HABT11,18A0893173,cessao fiduciaria,recebiveis/ credito/ direito creditorio,cessao fiduciaria,alienacao fiduciaria,spe,fianca,fundo reserva,fundo reserva,fundo reserva,R,alienacao fiduciaria,imovel
HABT11,18H0134529,cessao fiduciaria,recebiveis/ credito/ direito creditorio,cessao fiduciaria,alienacao fiduciaria,spe,fianca,fundo reserva,fundo reserva,fundo reserva,R,alienacao fiduciaria,imovel
HABT11,18H0135364,cessao fiduciaria,recebiveis/ credito/ direito creditorio,cessao fiduciaria,alienacao fiduciaria,spe,fianca,fundo reserva,fundo reserva,fundo reserva,R,alienacao fiduciaria,imovel
HABT11,18H0134527,cessao fiduciaria,recebiveis/ credito/ direito creditorio,alienacao fiduciaria,spe,aval,fundo reserva,fundo reserva,fundo reserva,,,,
